,train,test,0,1,2,3,4,5,6,7,8,9,10,11,12,13,14,15,16
0,0.6702197288452547,0.6721014492753623,37,38,uniform,ball_tree,euclidean,0,,,,,,,,,,,
1,0.6766947171575501,0.6637681159420289,47,248,uniform,ball_tree,euclidean,1,,,,,,,,,,,
2,0.7780037400654513,0.8021739130434783,20,128,uniform,ball_tree,euclidean,2,,,,,,,,,,,
3,0.8598410472183262,0.6807971014492752,3,103,uniform,ball_tree,euclidean,3,,,,,,,,,,,
4,0.7780037400654513,0.8021739130434783,20,103,uniform,ball_tree,euclidean,4,,,,,,,,,,,
5,0.7973819541841983,0.7492753623188405,13,99,uniform,ball_tree,euclidean,5,,,,,,,,,,,
6,0.7241701729780272,0.7061594202898551,34,46,uniform,ball_tree,euclidean,6,,,,,,,,,,,
7,0.7241467975689575,0.6978260869565217,33,125,uniform,ball_tree,euclidean,7,,,,,,,,,,,
8,0.672393641888733,0.672463768115942,44,163,uniform,ball_tree,euclidean,8,,,,,,,,,,,
9,0.7435717625058439,0.8018115942028985,28,23,uniform,ball_tree,euclidean,9,,,,,,,,,,,
10,0.7780037400654513,0.8021739130434783,20,229,uniform,ball_tree,euclidean,2,10(s),,,,,,,,,,
11,0.7802010285179991,0.7499999999999999,23,101,uniform,ball_tree,euclidean,2,11(s),,,,,,,,,,
12,0.7672510518934083,0.7586956521739131,22,207,uniform,ball_tree,euclidean,2,12(s),,,,,,,,,,
13,0.6659186535764375,0.6721014492753623,39,130,uniform,ball_tree,euclidean,4,13,,,,,,,,,,
14,0.7435717625058439,0.8018115942028985,28,110,uniform,ball_tree,euclidean,4,14,,,,,,,,,,
15,0.7757830762038337,0.7416666666666667,8,1,uniform,ball_tree,euclidean,9,15,,,,,,,,,,
16,0.6616175783076204,0.6634057971014493,40,24,uniform,ball_tree,euclidean,9,16,,,,,,,,,,
17,0.7973819541841983,0.7673913043478261,18,156,uniform,ball_tree,euclidean,5,17,,,,,,,,,,
18,0.7973819541841983,0.7492753623188405,13,128,uniform,ball_tree,euclidean,5,18,,,,,,,,,,
19,0.6573398784478728,0.6637681159420289,50,36,uniform,ball_tree,euclidean,6,19,,,,,,,,,,
20,1.0,0.7579710144927535,1,82,uniform,ball_tree,euclidean,6,20,,,,,,,,,,
21,0.6573398784478728,0.6637681159420289,50,244,uniform,ball_tree,euclidean,7,21,,,,,,,,,,
22,0.6573398784478728,0.6637681159420289,50,95,uniform,ball_tree,euclidean,7,22,,,,,,,,,,
23,0.7931042543244506,0.7152173913043478,5,112,uniform,ball_tree,euclidean,3,23,,,,,,,,,,
24,0.8663160355306218,0.6891304347826088,2,30,uniform,ball_tree,euclidean,3,24,,,,,,,,,,
25,0.6573398784478728,0.6637681159420289,50,155,uniform,ball_tree,euclidean,8,25,,,,,,,,,,
26,0.7973819541841983,0.7844202898550724,10,115,uniform,ball_tree,euclidean,8,26,,,,,,,,,,
27,0.7413978494623656,0.7677536231884058,27,28,uniform,ball_tree,euclidean,0,27,,,,,,,,,,
28,0.6573398784478728,0.6637681159420289,50,16,uniform,ball_tree,euclidean,0,28,,,,,,,,,,
29,0.7499766245909305,0.7496376811594203,30,141,uniform,ball_tree,euclidean,1,29,,,,,,,,,,
30,0.7435717625058439,0.8018115942028985,28,229,uniform,ball_tree,euclidean,1,30,,,,,,,,,,
31,0.6788686302010285,0.6891304347826086,35,62,uniform,ball_tree,euclidean,2,31(s),,,,,,,,,,
32,0.7758298270219729,0.7416666666666666,7,151,uniform,ball_tree,euclidean,2,32(s),,,,,,,,,,
33,0.7435483870967742,0.714855072463768,32,254,uniform,ball_tree,euclidean,2,33(s),,,,,,,,,,
34,0.7263207106124359,0.6978260869565217,31,300,uniform,ball_tree,euclidean,2,10(s),34,,,,,,,,,
35,0.6702197288452547,0.6721014492753623,37,236,uniform,ball_tree,euclidean,2,10(s),35,,,,,,,,,
36,1.0,0.7579710144927535,1,48,uniform,ball_tree,euclidean,5,17,36,,,,,,,,,
37,0.7478494623655914,0.8018115942028985,26,180,uniform,ball_tree,euclidean,5,17,37,,,,,,,,,
38,0.7802010285179991,0.7499999999999999,23,167,uniform,ball_tree,euclidean,2,11(s),38,,,,,,,,,
39,0.7802010285179991,0.7499999999999999,23,129,uniform,ball_tree,euclidean,2,11(s),39,,,,,,,,,
40,0.6702431042543244,0.6721014492753623,42,173,uniform,ball_tree,euclidean,1,29,40,,,,,,,,,
41,0.6573398784478728,0.6637681159420289,50,65,uniform,ball_tree,euclidean,1,29,41,,,,,,,,,
42,0.7413978494623656,0.7677536231884058,27,300,uniform,ball_tree,euclidean,1,42,,,,,,,,,,
43,0.7499766245909305,0.7496376811594203,30,226,uniform,ball_tree,euclidean,1,43,,,,,,,,,,
44,0.7672510518934083,0.7586956521739131,22,22,uniform,ball_tree,euclidean,0,28,44,,,,,,,,,
45,0.7823281907433381,0.8021739130434783,21,13,uniform,ball_tree,euclidean,0,28,45,,,,,,,,,
46,0.7284478728377748,0.75,29,157,uniform,ball_tree,euclidean,2,46(s),,,,,,,,,,
47,0.8016596540439458,0.7148550724637681,4,39,uniform,ball_tree,euclidean,2,47(s),,,,,,,,,,
48,0.7435717625058439,0.8018115942028985,28,25,uniform,ball_tree,euclidean,2,48(s),,,,,,,,,,
49,0.8038101916783544,0.7934782608695652,19,300,uniform,ball_tree,euclidean,2,10(s),49,,,,,,,,,
50,0.7672510518934083,0.7586956521739131,22,284,uniform,ball_tree,euclidean,2,10(s),50,,,,,,,,,
51,0.7823281907433381,0.8021739130434783,21,13,uniform,ball_tree,euclidean,0,28,45,51.0,,,,,,,,
52,1.0,0.7579710144927535,1,5,uniform,ball_tree,euclidean,0,28,45,52.0,,,,,,,,
53,0.6616175783076204,0.6634057971014493,40,180,uniform,ball_tree,euclidean,1,42,53,,,,,,,,,
54,0.7802010285179991,0.7499999999999999,23,162,uniform,ball_tree,euclidean,1,42,54,,,,,,,,,
55,0.7241467975689575,0.6978260869565217,33,194,uniform,ball_tree,euclidean,2,11(s),39,55.0,,,,,,,,
56,0.7715755025712951,0.7757246376811594,24,178,uniform,ball_tree,euclidean,2,11(s),39,56.0,,,,,,,,
57,1.0,0.7579710144927535,1,290,uniform,ball_tree,euclidean,2,32(s),57,,,,,,,,,
58,0.7973352033660589,0.7586956521739131,9,65,uniform,ball_tree,euclidean,2,32(s),58,,,,,,,,,
59,0.7995091164095373,0.7760869565217392,17,300,uniform,ball_tree,euclidean,2,33(s),59,,,,,,,,,
60,0.6573398784478728,0.6637681159420289,50,143,uniform,ball_tree,euclidean,2,33(s),60,,,,,,,,,
61,0.670266479663394,0.6894927536231885,41,53,uniform,ball_tree,euclidean,1,29,40,61.0,,,,,,,,
62,1.0,0.7579710144927535,1,120,uniform,ball_tree,euclidean,1,29,40,62.0,,,,,,,,
63,0.7973819541841983,0.7844202898550724,10,300,uniform,ball_tree,euclidean,1,63,,,,,,,,,,
64,0.7435483870967742,0.714855072463768,32,282,uniform,ball_tree,euclidean,1,64,,,,,,,,,,
65,0.6702431042543243,0.6637681159420289,43,90,uniform,ball_tree,euclidean,1,29,41,65.0,,,,,,,,
66,0.6702431042543243,0.6550724637681158,49,112,uniform,ball_tree,euclidean,1,29,41,66.0,,,,,,,,
67,1.0,0.7579710144927535,1,63,uniform,ball_tree,euclidean,2,67(s),,,,,,,,,,
68,0.7757830762038337,0.7416666666666667,8,45,uniform,ball_tree,euclidean,2,68(s),,,,,,,,,,
69,0.7413978494623656,0.7677536231884058,27,181,uniform,ball_tree,euclidean,2,69(s),,,,,,,,,,
70,0.7478494623655914,0.8018115942028985,26,300,uniform,ball_tree,euclidean,2,10(s),70,,,,,,,,,
71,0.8082047685834504,0.7583333333333333,15,183,uniform,ball_tree,euclidean,2,10(s),71,,,,,,,,,
72,0.6616175783076204,0.6634057971014493,40,4,uniform,ball_tree,euclidean,0,28,45,72.0,,,,,,,,
73,0.7478494623655914,0.8018115942028985,26,10,uniform,ball_tree,euclidean,0,28,45,73.0,,,,,,,,
74,0.8082047685834504,0.7583333333333333,15,300,uniform,ball_tree,euclidean,2,10(s),50,74.0,,,,,,,,
75,0.7241467975689575,0.6978260869565217,33,300,uniform,ball_tree,euclidean,2,10(s),50,75.0,,,,,,,,
76,0.7931042543244506,0.7152173913043478,5,94,uniform,ball_tree,euclidean,2,32(s),58,76.0,,,,,,,,
77,0.7973819541841983,0.7844202898550724,10,6,uniform,ball_tree,euclidean,2,32(s),58,77.0,,,,,,,,
78,0.6573398784478728,0.6637681159420289,50,278,uniform,ball_tree,euclidean,2,46(s),78,,,,,,,,,
79,0.7241467975689575,0.6978260869565217,33,26,uniform,ball_tree,euclidean,2,46(s),79,,,,,,,,,
80,0.7758298270219729,0.7416666666666666,7,269,uniform,ball_tree,euclidean,2,32(s),80,,,,,,,,,
81,1.0,0.7579710144927535,1,24,uniform,ball_tree,euclidean,2,32(s),81,,,,,,,,,
82,0.8663160355306218,0.6891304347826088,2,61,uniform,ball_tree,euclidean,1,29,41,65.0,82,,,,,,,
83,0.672393641888733,0.672463768115942,44,39,uniform,ball_tree,euclidean,1,29,41,65.0,83,,,,,,,
84,0.6573398784478728,0.6637681159420289,50,47,uniform,ball_tree,euclidean,1,29,41,66.0,84,,,,,,,
85,0.6573398784478728,0.6637681159420289,50,162,uniform,ball_tree,euclidean,1,29,41,66.0,85,,,,,,,
86,0.7973819541841983,0.7492753623188405,13,246,uniform,ball_tree,euclidean,2,86(s),,,,,,,,,,
87,0.7757830762038337,0.7416666666666667,8,104,uniform,ball_tree,euclidean,2,87(s),,,,,,,,,,
88,0.8081813931743806,0.7670289855072464,16,174,uniform,ball_tree,euclidean,2,88(s),,,,,,,,,,
89,0.7263207106124359,0.6978260869565217,31,141,uniform,ball_tree,euclidean,2,10(s),89,,,,,,,,,
90,0.7672510518934083,0.7586956521739131,22,300,uniform,ball_tree,euclidean,2,10(s),90,,,,,,,,,
91,0.6659186535764375,0.6721014492753623,39,39,uniform,ball_tree,euclidean,2,10(s),70,91.0,,,,,,,,
92,0.7499766245909305,0.7496376811594203,30,239,uniform,ball_tree,euclidean,2,10(s),70,92.0,,,,,,,,
93,0.7284478728377748,0.75,29,27,uniform,ball_tree,euclidean,2,46(s),79,93.0,,,,,,,,
94,0.6702431042543243,0.6637681159420289,43,26,uniform,ball_tree,euclidean,2,46(s),79,94.0,,,,,,,,
95,0.6702431042543243,0.6463768115942029,45,62,uniform,ball_tree,euclidean,2,46(s),78,95.0,,,,,,,,
96,0.7715755025712951,0.7757246376811594,24,300,uniform,ball_tree,euclidean,2,46(s),78,96.0,,,,,,,,
97,0.7241467975689575,0.6978260869565217,33,120,uniform,ball_tree,euclidean,1,29,41,66.0,85,97,,,,,,
98,0.6766947171575501,0.6637681159420289,47,288,uniform,ball_tree,euclidean,1,29,41,66.0,85,98,,,,,,
99,0.6788686302010285,0.6891304347826086,35,220,uniform,ball_tree,euclidean,2,99(s),,,,,,,,,,
100,0.7973819541841983,0.7753623188405797,12,58,uniform,ball_tree,euclidean,2,100(s),,,,,,,,,,
101,0.6702197288452547,0.6721014492753623,37,66,uniform,ball_tree,euclidean,2,101(s),,,,,,,,,,
102,0.6573398784478728,0.6637681159420289,50,21,uniform,ball_tree,euclidean,2,46(s),79,102.0,,,,,,,,
103,0.8081813931743806,0.7670289855072464,16,17,uniform,ball_tree,euclidean,2,46(s),79,103.0,,,,,,,,
104,0.7757830762038337,0.7416666666666667,8,210,uniform,ball_tree,euclidean,2,104(s),,,,,,,,,,
105,0.7823281907433381,0.8021739130434783,21,176,uniform,ball_tree,euclidean,2,105(s),,,,,,,,,,
106,0.7973819541841983,0.7753623188405797,12,194,uniform,ball_tree,euclidean,2,106(s),,,,,,,,,,
107,0.8663160355306218,0.6891304347826088,2,111,uniform,ball_tree,euclidean,2,100(s),107,,,,,,,,,
108,0.7973819541841983,0.7673913043478261,18,54,uniform,ball_tree,euclidean,2,100(s),108,,,,,,,,,
109,0.8059841047218328,0.7666666666666666,14,2,uniform,ball_tree,euclidean,2,46(s),79,103.0,109,,,,,,,
110,0.8059841047218328,0.7666666666666666,14,12,uniform,ball_tree,euclidean,2,46(s),79,103.0,110,,,,,,,
111,0.7672510518934083,0.7586956521739131,22,2,uniform,ball_tree,euclidean,2,46(s),79,111.0,,,,,,,,
112,0.6573398784478728,0.6637681159420289,50,29,uniform,ball_tree,euclidean,2,46(s),79,112.0,,,,,,,,
113,0.7757830762038337,0.7416666666666667,8,9,uniform,ball_tree,euclidean,2,113(s),,,,,,,,,,
114,0.7435717625058439,0.8018115942028985,28,1,uniform,ball_tree,euclidean,2,114(s),,,,,,,,,,
115,0.7780037400654513,0.8021739130434783,20,162,uniform,ball_tree,euclidean,2,115(s),,,,,,,,,,
116,0.7413978494623656,0.7677536231884058,27,36,uniform,ball_tree,euclidean,2,105(s),116,,,,,,,,,
117,0.7995091164095373,0.7760869565217392,17,251,uniform,ball_tree,euclidean,2,105(s),117,,,,,,,,,
118,0.8016596540439458,0.7148550724637681,4,69,uniform,ball_tree,euclidean,2,100(s),118,,,,,,,,,
119,0.7995091164095373,0.7760869565217392,17,61,uniform,ball_tree,euclidean,2,100(s),119,,,,,,,,,
120,0.7973819541841983,0.7844202898550724,10,39,uniform,ball_tree,euclidean,2,104(s),120,,,,,,,,,
121,0.8663160355306218,0.6891304347826088,2,177,uniform,ball_tree,euclidean,2,104(s),121,,,,,,,,,
122,0.7973819541841983,0.7673913043478261,18,112,uniform,ball_tree,euclidean,2,122(s),,,,,,,,,,
123,0.7973819541841983,0.7844202898550724,10,213,uniform,ball_tree,euclidean,2,123(s),,,,,,,,,,
124,0.7672510518934083,0.7586956521739131,22,202,uniform,ball_tree,euclidean,2,124(s),,,,,,,,,,
125,0.7241701729780272,0.7061594202898551,34,229,uniform,ball_tree,euclidean,2,125(s),,,,,,,,,,
126,0.7973352033660589,0.7586956521739131,9,198,uniform,ball_tree,euclidean,2,126(s),,,,,,,,,,
127,0.7499766245909305,0.7496376811594203,30,83,uniform,ball_tree,euclidean,2,127(s),,,,,,,,,,
128,0.6680691912108461,0.6717391304347825,38,34,uniform,ball_tree,euclidean,2,128(s),,,,,,,,,,
129,0.7413978494623656,0.7677536231884058,27,137,uniform,ball_tree,euclidean,2,129(s),,,,,,,,,,
130,0.7973819541841983,0.7492753623188405,13,238,uniform,ball_tree,euclidean,2,130(s),,,,,,,,,,
131,0.8598410472183262,0.6807971014492752,3,151,uniform,ball_tree,euclidean,2,126(s),131,,,,,,,,,
132,0.8081813931743806,0.7670289855072464,16,300,uniform,ball_tree,euclidean,2,126(s),132,,,,,,,,,
133,0.7241701729780272,0.7061594202898551,34,51,uniform,ball_tree,euclidean,2,125(s),133,,,,,,,,,
134,0.670266479663394,0.6894927536231885,41,99,uniform,ball_tree,euclidean,2,125(s),134,,,,,,,,,
135,0.7241701729780272,0.7061594202898551,34,73,uniform,ball_tree,euclidean,2,135(s),,,,,,,,,,
136,0.7284478728377748,0.75,29,227,uniform,ball_tree,euclidean,2,136(s),,,,,,,,,,
137,1.0,0.7579710144927535,1,170,uniform,ball_tree,euclidean,2,137(s),,,,,,,,,,
138,0.7973352033660589,0.7586956521739131,9,55,uniform,ball_tree,euclidean,2,126(s),138,,,,,,,,,
139,0.7758298270219729,0.7416666666666666,7,300,uniform,ball_tree,euclidean,2,126(s),139,,,,,,,,,
140,1.0,0.7579710144927535,1,25,uniform,ball_tree,euclidean,2,130(s),140,,,,,,,,,
141,0.7757830762038337,0.7416666666666667,8,95,uniform,ball_tree,euclidean,2,130(s),141,,,,,,,,,
142,0.8598410472183262,0.6807971014492752,3,300,uniform,ball_tree,euclidean,2,125(s),142,,,,,,,,,
143,0.6573398784478728,0.6637681159420289,50,300,uniform,ball_tree,euclidean,2,125(s),143,,,,,,,,,
144,0.6573398784478728,0.6637681159420289,50,28,uniform,ball_tree,euclidean,2,125(s),134,144.0,,,,,,,,
145,0.670266479663394,0.6894927536231885,41,52,uniform,ball_tree,euclidean,2,125(s),134,145.0,,,,,,,,
146,0.6573398784478728,0.6637681159420289,50,19,uniform,ball_tree,euclidean,2,128(s),146,,,,,,,,,
147,0.6573398784478728,0.6637681159420289,50,50,uniform,ball_tree,euclidean,2,128(s),147,,,,,,,,,
148,0.7780037400654513,0.8021739130434783,20,56,uniform,ball_tree,euclidean,2,148(s),,,,,,,,,,
149,0.7802010285179991,0.7499999999999999,23,13,uniform,ball_tree,euclidean,2,149(s),,,,,,,,,,
150,0.7757830762038337,0.7416666666666667,8,70,uniform,ball_tree,euclidean,2,150(s),,,,,,,,,,
151,0.7758298270219729,0.7416666666666666,7,226,uniform,ball_tree,euclidean,2,151(s),,,,,,,,,,
152,0.7715755025712951,0.7757246376811594,24,35,uniform,ball_tree,euclidean,2,152(s),,,,,,,,,,
153,0.7973819541841983,0.7492753623188405,13,192,uniform,ball_tree,euclidean,2,153(s),,,,,,,,,,
154,0.7478494623655914,0.8018115942028985,26,252,uniform,ball_tree,euclidean,2,154(s),,,,,,,,,,
155,0.7973819541841983,0.7416666666666666,11,137,uniform,ball_tree,euclidean,2,155(s),,,,,,,,,,
156,0.8059841047218328,0.7666666666666666,14,60,uniform,ball_tree,euclidean,2,156(s),,,,,,,,,,
157,0.7823281907433381,0.8021739130434783,21,182,uniform,ball_tree,euclidean,2,157(s),,,,,,,,,,
158,0.7241467975689575,0.6978260869565217,33,179,uniform,ball_tree,euclidean,2,158(s),,,,,,,,,,
159,0.7780037400654513,0.8021739130434783,20,117,uniform,ball_tree,euclidean,2,159(s),,,,,,,,,,
160,0.6702431042543243,0.6463768115942029,45,300,uniform,ball_tree,euclidean,2,154(s),160,,,,,,,,,
161,0.6810425432445066,0.6804347826086955,36,90,uniform,ball_tree,euclidean,2,154(s),161,,,,,,,,,
162,0.7973819541841983,0.7844202898550724,10,136,uniform,ball_tree,euclidean,2,162(s),,,,,,,,,,
163,0.7435717625058439,0.8018115942028985,28,86,uniform,ball_tree,euclidean,2,163(s),,,,,,,,,,
164,0.8598410472183262,0.6807971014492752,3,78,uniform,ball_tree,euclidean,2,164(s),,,,,,,,,,
165,0.7435717625058439,0.8018115942028985,28,180,uniform,ball_tree,euclidean,2,157(s),165,,,,,,,,,
166,0.7995091164095373,0.7760869565217392,17,100,uniform,ball_tree,euclidean,2,157(s),166,,,,,,,,,
167,0.6573398784478728,0.6637681159420289,50,286,uniform,ball_tree,euclidean,2,158(s),167,,,,,,,,,
168,0.7802010285179991,0.7499999999999999,23,300,uniform,ball_tree,euclidean,2,158(s),168,,,,,,,,,
169,0.7823281907433381,0.8021739130434783,21,232,uniform,ball_tree,euclidean,2,169(s),,,,,,,,,,
170,0.7931042543244506,0.7152173913043478,5,240,uniform,ball_tree,euclidean,2,170(s),,,,,,,,,,
171,0.8059841047218328,0.7666666666666666,14,119,uniform,ball_tree,euclidean,2,171(s),,,,,,,,,,
172,0.6680691912108461,0.6717391304347825,38,49,uniform,ball_tree,euclidean,2,163(s),172,,,,,,,,,
173,0.7802010285179991,0.7499999999999999,23,134,uniform,ball_tree,euclidean,2,163(s),173,,,,,,,,,
174,0.7973819541841983,0.7673913043478261,18,62,uniform,ball_tree,euclidean,2,162(s),174,,,,,,,,,
175,0.7758298270219729,0.7416666666666666,7,54,uniform,ball_tree,euclidean,2,162(s),175,,,,,,,,,
176,0.7715755025712951,0.7757246376811594,24,39,uniform,ball_tree,euclidean,2,157(s),166,176.0,,,,,,,,
177,0.7263207106124359,0.6978260869565217,31,47,uniform,ball_tree,euclidean,2,157(s),166,177.0,,,,,,,,
178,0.6702197288452547,0.6721014492753623,37,1,uniform,ball_tree,euclidean,2,178(s),,,,,,,,,,
179,0.8081813931743806,0.7670289855072464,16,55,uniform,ball_tree,euclidean,2,179(s),,,,,,,,,,
180,0.6702197288452547,0.6721014492753623,37,153,uniform,ball_tree,euclidean,2,180(s),,,,,,,,,,
181,0.7931042543244506,0.7152173913043478,5,136,uniform,ball_tree,euclidean,2,162(s),181,,,,,,,,,
182,0.8016596540439458,0.7148550724637681,4,29,uniform,ball_tree,euclidean,2,162(s),182,,,,,,,,,
183,0.7973819541841983,0.7492753623188405,13,3,uniform,ball_tree,euclidean,2,157(s),166,183.0,,,,,,,,
184,0.7973819541841983,0.7753623188405797,12,129,uniform,ball_tree,euclidean,2,157(s),166,184.0,,,,,,,,
185,0.7241701729780272,0.7061594202898551,34,60,uniform,ball_tree,euclidean,2,157(s),166,176.0,185,,,,,,,
186,1.0,0.7579710144927535,1,60,uniform,ball_tree,euclidean,2,157(s),166,176.0,186,,,,,,,
187,0.6702197288452547,0.6721014492753623,37,55,uniform,ball_tree,euclidean,2,157(s),166,177.0,187,,,,,,,
188,0.7672510518934083,0.7586956521739131,22,32,uniform,ball_tree,euclidean,2,157(s),166,177.0,188,,,,,,,
189,0.8081813931743806,0.7670289855072464,16,144,uniform,ball_tree,euclidean,2,189(s),,,,,,,,,,
190,0.6788686302010285,0.6891304347826086,35,209,uniform,ball_tree,euclidean,2,190(s),,,,,,,,,,
191,0.7672510518934083,0.7586956521739131,22,250,uniform,ball_tree,euclidean,2,191(s),,,,,,,,,,
192,0.7973352033660589,0.7586956521739131,9,90,uniform,ball_tree,euclidean,2,179(s),192,,,,,,,,,
193,0.8082047685834504,0.7583333333333333,15,77,uniform,ball_tree,euclidean,2,179(s),193,,,,,,,,,
194,0.7802010285179991,0.7499999999999999,23,4,uniform,ball_tree,euclidean,2,157(s),166,183.0,194,,,,,,,
195,0.8016596540439458,0.7148550724637681,4,1,uniform,ball_tree,euclidean,2,157(s),166,183.0,195,,,,,,,
196,0.7241701729780272,0.7061594202898551,34,1,uniform,ball_tree,euclidean,2,178(s),196,,,,,,,,,
197,0.6810425432445066,0.6804347826086955,36,1,uniform,ball_tree,euclidean,2,178(s),197,,,,,,,,,
198,0.6702197288452547,0.6721014492753623,37,57,uniform,ball_tree,euclidean,2,198(s),,,,,,,,,,
199,0.7995091164095373,0.7760869565217392,17,230,uniform,ball_tree,euclidean,2,199(s),,,,,,,,,,
200,0.7435717625058439,0.8018115942028985,28,22,uniform,ball_tree,euclidean,2,200(s),,,,,,,,,,
201,1.0,0.7579710144927535,1,5,uniform,ball_tree,euclidean,2,157(s),166,183.0,201,,,,,,,
202,0.7564749883122955,0.7847826086956522,25,1,uniform,ball_tree,euclidean,2,157(s),166,183.0,202,,,,,,,
203,0.7758298270219729,0.7416666666666666,7,171,uniform,ball_tree,euclidean,2,203(s),,,,,,,,,,
204,0.7995091164095373,0.7760869565217392,17,233,uniform,ball_tree,euclidean,2,204(s),,,,,,,,,,
205,0.7478494623655914,0.8018115942028985,26,186,uniform,ball_tree,euclidean,2,205(s),,,,,,,,,,
206,0.6616175783076204,0.6634057971014493,40,1,uniform,ball_tree,euclidean,2,157(s),166,183.0,202,206,,,,,,
207,0.7435717625058439,0.8018115942028985,28,1,uniform,ball_tree,euclidean,2,157(s),166,183.0,202,207,,,,,,
208,0.7973819541841983,0.7753623188405797,12,223,uniform,ball_tree,euclidean,2,208(s),,,,,,,,,,
209,0.6810425432445066,0.6804347826086955,36,87,uniform,ball_tree,euclidean,2,209(s),,,,,,,,,,
210,1.0,0.7579710144927535,1,56,uniform,ball_tree,euclidean,2,210(s),,,,,,,,,,
211,0.7564749883122955,0.7847826086956522,25,1,uniform,ball_tree,euclidean,2,157(s),166,183.0,202,207,211,,,,,
212,0.672393641888733,0.672463768115942,44,1,uniform,ball_tree,euclidean,2,157(s),166,183.0,202,207,212,,,,,
213,0.7241701729780272,0.7061594202898551,34,1,uniform,ball_tree,euclidean,2,157(s),166,183.0,202,213,,,,,,
214,0.7715755025712951,0.7757246376811594,24,1,uniform,ball_tree,euclidean,2,157(s),166,183.0,202,214,,,,,,
215,0.6573398784478728,0.6637681159420289,50,1,uniform,ball_tree,euclidean,2,157(s),166,183.0,202,206,215,,,,,
216,0.7564749883122955,0.7847826086956522,25,1,uniform,ball_tree,euclidean,2,157(s),166,183.0,202,206,216,,,,,
217,0.7973819541841983,0.7416666666666666,11,158,uniform,ball_tree,euclidean,2,217(s),,,,,,,,,,
218,1.0,0.7579710144927535,1,149,uniform,ball_tree,euclidean,2,218(s),,,,,,,,,,
219,0.7435717625058439,0.8018115942028985,28,126,uniform,ball_tree,euclidean,2,219(s),,,,,,,,,,
220,0.8038101916783544,0.7934782608695652,19,1,uniform,ball_tree,euclidean,2,157(s),166,183.0,202,207,211,220,,,,
221,0.7780037400654513,0.8021739130434783,20,1,uniform,ball_tree,euclidean,2,157(s),166,183.0,202,207,211,221,,,,
222,0.7478494623655914,0.8018115942028985,26,1,uniform,ball_tree,euclidean,2,157(s),166,183.0,202,206,215,222,,,,
223,0.6702431042543243,0.6637681159420289,43,1,uniform,ball_tree,euclidean,2,157(s),166,183.0,202,206,215,223,,,,
224,0.6788686302010285,0.6891304347826086,35,66,uniform,ball_tree,euclidean,2,224(s),,,,,,,,,,
225,0.7802010285179991,0.7499999999999999,23,79,uniform,ball_tree,euclidean,2,225(s),,,,,,,,,,
226,0.7478494623655914,0.8018115942028985,26,17,uniform,ball_tree,euclidean,2,226(s),,,,,,,,,,
227,0.7973819541841983,0.7492753623188405,13,221,uniform,ball_tree,euclidean,2,217(s),227,,,,,,,,,
228,0.8038101916783544,0.7934782608695652,19,1,uniform,ball_tree,euclidean,2,217(s),228,,,,,,,,,
229,0.6702431042543243,0.6463768115942029,45,1,uniform,ball_tree,euclidean,2,157(s),166,183.0,202,206,215,229,,,,
230,0.7931042543244506,0.7152173913043478,5,1,uniform,ball_tree,euclidean,2,157(s),166,183.0,202,206,215,230,,,,
231,0.8598410472183262,0.6807971014492752,3,55,uniform,ball_tree,euclidean,2,231(s),,,,,,,,,,
232,0.7802010285179991,0.7499999999999999,23,177,uniform,ball_tree,euclidean,2,232(s),,,,,,,,,,
233,0.8038101916783544,0.7934782608695652,19,128,uniform,ball_tree,euclidean,2,233(s),,,,,,,,,,
234,1.0,0.7579710144927535,1,192,uniform,ball_tree,euclidean,2,217(s),234,,,,,,,,,
235,0.7801542776998598,0.7413043478260869,6,268,uniform,ball_tree,euclidean,2,217(s),235,,,,,,,,,
236,0.7241467975689575,0.6978260869565217,33,110,uniform,ball_tree,euclidean,2,236(s),,,,,,,,,,
237,0.8082047685834504,0.7583333333333333,15,145,uniform,ball_tree,euclidean,2,237(s),,,,,,,,,,
238,0.7499766245909305,0.7496376811594203,30,55,uniform,ball_tree,euclidean,2,238(s),,,,,,,,,,
239,1.0,0.7579710144927535,1,11,uniform,ball_tree,euclidean,2,231(s),239,,,,,,,,,
240,0.8663160355306218,0.6891304347826088,2,47,uniform,ball_tree,euclidean,2,231(s),240,,,,,,,,,
241,0.8038101916783544,0.7934782608695652,19,230,uniform,ball_tree,euclidean,2,241(s),,,,,,,,,,
242,0.8016596540439458,0.7148550724637681,4,212,uniform,ball_tree,euclidean,2,242(s),,,,,,,,,,
243,0.7973819541841983,0.7416666666666666,11,94,uniform,ball_tree,euclidean,2,243(s),,,,,,,,,,
244,0.7413978494623656,0.7677536231884058,27,89,uniform,ball_tree,euclidean,2,244(s),,,,,,,,,,
245,1.0,0.7579710144927535,1,58,uniform,ball_tree,euclidean,2,245(s),,,,,,,,,,
246,0.7564749883122955,0.7847826086956522,25,111,uniform,ball_tree,euclidean,2,246(s),,,,,,,,,,
247,0.7801542776998598,0.7413043478260869,6,17,uniform,ball_tree,euclidean,2,247(s),,,,,,,,,,
248,0.8059841047218328,0.7666666666666666,14,221,uniform,ball_tree,euclidean,2,248(s),,,,,,,,,,
249,0.7973352033660589,0.7586956521739131,9,33,uniform,ball_tree,euclidean,2,249(s),,,,,,,,,,
250,0.8082047685834504,0.7583333333333333,15,102,uniform,ball_tree,euclidean,2,246(s),250,,,,,,,,,
251,0.7758298270219729,0.7416666666666666,7,131,uniform,ball_tree,euclidean,2,246(s),251,,,,,,,,,
252,1.0,0.7579710144927535,1,104,uniform,ball_tree,euclidean,2,245(s),252,,,,,,,,,
253,1.0,0.7579710144927535,1,100,uniform,ball_tree,euclidean,2,245(s),253,,,,,,,,,
254,0.7931042543244506,0.7152173913043478,5,79,uniform,ball_tree,euclidean,2,254(s),,,,,,,,,,
255,0.7499766245909305,0.7496376811594203,30,171,uniform,ball_tree,euclidean,2,255(s),,,,,,,,,,
256,0.7973352033660589,0.7586956521739131,9,66,uniform,ball_tree,euclidean,2,256(s),,,,,,,,,,
257,0.8598410472183262,0.6807971014492752,3,300,uniform,ball_tree,euclidean,2,248(s),257,,,,,,,,,
258,0.7757830762038337,0.7416666666666667,8,148,uniform,ball_tree,euclidean,2,248(s),258,,,,,,,,,
259,0.8663160355306218,0.6891304347826088,2,16,uniform,ball_tree,euclidean,2,249(s),259,,,,,,,,,
260,0.7757830762038337,0.7416666666666667,8,57,uniform,ball_tree,euclidean,2,249(s),260,,,,,,,,,
261,0.7435483870967742,0.714855072463768,32,220,uniform,ball_tree,euclidean,2,261(s),,,,,,,,,,
262,0.7435483870967742,0.714855072463768,32,60,uniform,ball_tree,euclidean,2,262(s),,,,,,,,,,
263,0.7241701729780272,0.7061594202898551,34,232,uniform,ball_tree,euclidean,2,263(s),,,,,,,,,,
264,1.0,0.7579710144927535,1,23,uniform,ball_tree,euclidean,2,249(s),259,264.0,,,,,,,,
265,0.8598410472183262,0.6807971014492752,3,3,uniform,ball_tree,euclidean,2,249(s),259,265.0,,,,,,,,
266,0.8663160355306218,0.6891304347826088,2,243,uniform,ball_tree,euclidean,2,248(s),257,266.0,,,,,,,,
267,0.8598410472183262,0.6807971014492752,3,175,uniform,ball_tree,euclidean,2,248(s),257,267.0,,,,,,,,
268,0.7973819541841983,0.7844202898550724,10,99,uniform,ball_tree,euclidean,2,268(s),,,,,,,,,,
269,0.7973819541841983,0.7673913043478261,18,160,uniform,ball_tree,euclidean,2,269(s),,,,,,,,,,
270,0.7241701729780272,0.7061594202898551,34,118,uniform,ball_tree,euclidean,2,270(s),,,,,,,,,,
271,1.0,0.7579710144927535,1,33,uniform,ball_tree,euclidean,2,249(s),259,264.0,271,,,,,,,
272,1.0,0.7579710144927535,1,12,uniform,ball_tree,euclidean,2,249(s),259,264.0,272,,,,,,,
273,0.6573398784478728,0.6637681159420289,50,300,uniform,ball_tree,euclidean,2,263(s),273,,,,,,,,,
274,0.6573398784478728,0.6637681159420289,50,117,uniform,ball_tree,euclidean,2,263(s),274,,,,,,,,,
275,1.0,0.7579710144927535,1,300,uniform,ball_tree,euclidean,2,248(s),257,266.0,275,,,,,,,
276,1.0,0.7579710144927535,1,205,uniform,ball_tree,euclidean,2,248(s),257,266.0,276,,,,,,,
277,0.7780037400654513,0.8021739130434783,20,41,uniform,ball_tree,euclidean,2,277(s),,,,,,,,,,
278,0.7672510518934083,0.7586956521739131,22,106,uniform,ball_tree,euclidean,2,278(s),,,,,,,,,,
279,0.7802010285179991,0.7499999999999999,23,144,uniform,ball_tree,euclidean,2,279(s),,,,,,,,,,
280,0.6788686302010285,0.6891304347826086,35,159,uniform,ball_tree,euclidean,2,269(s),280,,,,,,,,,
281,1.0,0.7579710144927535,1,91,uniform,ball_tree,euclidean,2,269(s),281,,,,,,,,,
282,1.0,0.7579710144927535,1,65,uniform,ball_tree,euclidean,2,249(s),259,264.0,271,282,,,,,,
283,1.0,0.7579710144927535,1,32,uniform,ball_tree,euclidean,2,249(s),259,264.0,271,283,,,,,,
284,0.7241467975689575,0.6978260869565217,33,11,uniform,ball_tree,euclidean,2,270(s),284,,,,,,,,,
285,0.7973819541841983,0.7492753623188405,13,28,uniform,ball_tree,euclidean,2,270(s),285,,,,,,,,,
286,0.6680691912108461,0.6717391304347825,38,251,uniform,ball_tree,euclidean,2,286(s),,,,,,,,,,
287,0.7758298270219729,0.7416666666666666,7,88,uniform,ball_tree,euclidean,2,287(s),,,,,,,,,,
288,0.6680691912108461,0.6717391304347825,38,112,uniform,ball_tree,euclidean,2,288(s),,,,,,,,,,
289,1.0,0.7579710144927535,1,119,uniform,ball_tree,euclidean,2,269(s),281,289.0,,,,,,,,
290,1.0,0.7579710144927535,1,75,uniform,ball_tree,euclidean,2,269(s),281,290.0,,,,,,,,
291,0.7757830762038337,0.7416666666666667,8,7,uniform,ball_tree,euclidean,2,270(s),285,291.0,,,,,,,,
292,0.7973819541841983,0.7492753623188405,13,8,uniform,ball_tree,euclidean,2,270(s),285,292.0,,,,,,,,
293,1.0,0.7579710144927535,1,235,uniform,ball_tree,euclidean,2,269(s),280,293.0,,,,,,,,
294,0.6573398784478728,0.6637681159420289,50,217,uniform,ball_tree,euclidean,2,269(s),280,294.0,,,,,,,,
295,0.7413978494623656,0.7677536231884058,27,150,uniform,ball_tree,euclidean,2,295(s),,,,,,,,,,
296,0.7802010285179991,0.7499999999999999,23,7,uniform,ball_tree,euclidean,2,296(s),,,,,,,,,,
297,0.7263207106124359,0.6978260869565217,31,91,uniform,ball_tree,euclidean,2,297(s),,,,,,,,,,
298,1.0,0.7579710144927535,1,35,uniform,ball_tree,euclidean,2,269(s),281,298.0,,,,,,,,
299,1.0,0.7579710144927535,1,111,uniform,ball_tree,euclidean,2,269(s),281,299.0,,,,,,,,
300,1.0,0.7579710144927535,1,45,uniform,ball_tree,euclidean,2,269(s),281,290.0,300,,,,,,,
301,1.0,0.7579710144927535,1,142,uniform,ball_tree,euclidean,2,269(s),281,290.0,301,,,,,,,
302,0.8081813931743806,0.7670289855072464,16,22,uniform,ball_tree,euclidean,2,270(s),285,302.0,,,,,,,,
303,0.7973819541841983,0.7673913043478261,18,32,uniform,ball_tree,euclidean,2,270(s),285,303.0,,,,,,,,
304,1.0,0.7579710144927535,1,7,uniform,ball_tree,euclidean,2,270(s),285,292.0,304,,,,,,,
305,0.7672510518934083,0.7586956521739131,22,11,uniform,ball_tree,euclidean,2,270(s),285,292.0,305,,,,,,,
306,0.7973819541841983,0.7753623188405797,12,4,uniform,ball_tree,euclidean,2,270(s),285,291.0,306,,,,,,,
307,0.8016596540439458,0.7148550724637681,4,8,uniform,ball_tree,euclidean,2,270(s),285,291.0,307,,,,,,,
308,0.7435483870967742,0.714855072463768,32,300,uniform,ball_tree,euclidean,2,286(s),308,,,,,,,,,
309,0.6573398784478728,0.6637681159420289,50,200,uniform,ball_tree,euclidean,2,286(s),309,,,,,,,,,
310,0.8016596540439458,0.7148550724637681,4,114,uniform,ball_tree,euclidean,2,310(s),,,,,,,,,,
311,0.7973819541841983,0.7844202898550724,10,184,uniform,ball_tree,euclidean,2,311(s),,,,,,,,,,
312,0.7499766245909305,0.7496376811594203,30,228,uniform,ball_tree,euclidean,2,312(s),,,,,,,,,,
313,1.0,0.7579710144927535,1,1,uniform,ball_tree,euclidean,2,270(s),285,291.0,306,313,,,,,,
314,0.7802010285179991,0.7499999999999999,23,6,uniform,ball_tree,euclidean,2,270(s),285,291.0,306,314,,,,,,
315,1.0,0.7579710144927535,1,72,uniform,ball_tree,euclidean,2,269(s),281,290.0,315,,,,,,,
316,1.0,0.7579710144927535,1,95,uniform,ball_tree,euclidean,2,269(s),281,290.0,316,,,,,,,
317,0.7284478728377748,0.75,29,99,uniform,ball_tree,euclidean,2,317(s),,,,,,,,,,
318,0.6680691912108461,0.6717391304347825,38,91,uniform,ball_tree,euclidean,2,318(s),,,,,,,,,,
319,0.7973819541841983,0.7673913043478261,18,131,uniform,ball_tree,euclidean,2,319(s),,,,,,,,,,
320,1.0,0.7579710144927535,1,136,uniform,ball_tree,euclidean,2,269(s),281,290.0,315,320,,,,,,
321,1.0,0.7579710144927535,1,76,uniform,ball_tree,euclidean,2,269(s),281,290.0,315,321,,,,,,
322,0.7973819541841983,0.7753623188405797,12,56,uniform,ball_tree,euclidean,2,322(s),,,,,,,,,,
323,0.8598410472183262,0.6807971014492752,3,113,uniform,ball_tree,euclidean,2,323(s),,,,,,,,,,
324,0.7973819541841983,0.7416666666666666,11,218,uniform,ball_tree,euclidean,2,324(s),,,,,,,,,,
325,0.6788686302010285,0.6891304347826086,35,181,uniform,ball_tree,euclidean,2,325(s),,,,,,,,,,
326,0.7672510518934083,0.7586956521739131,22,220,uniform,ball_tree,euclidean,2,326(s),,,,,,,,,,
327,0.7780037400654513,0.8021739130434783,20,238,uniform,ball_tree,euclidean,2,327(s),,,,,,,,,,
328,1.0,0.7579710144927535,1,234,uniform,ball_tree,euclidean,2,328(s),,,,,,,,,,
329,0.7973819541841983,0.7492753623188405,13,51,uniform,ball_tree,euclidean,2,329(s),,,,,,,,,,
330,0.7715755025712951,0.7757246376811594,24,29,uniform,ball_tree,euclidean,2,330(s),,,,,,,,,,
331,0.7413978494623656,0.7677536231884058,27,166,uniform,ball_tree,euclidean,2,327(s),331,,,,,,,,,
332,0.7499766245909305,0.7496376811594203,30,107,uniform,ball_tree,euclidean,2,327(s),332,,,,,,,,,
333,0.7973819541841983,0.7844202898550724,10,96,uniform,ball_tree,euclidean,2,326(s),333,,,,,,,,,
334,0.7973819541841983,0.7844202898550724,10,24,uniform,ball_tree,euclidean,2,326(s),334,,,,,,,,,
335,0.7973352033660589,0.7586956521739131,9,106,uniform,ball_tree,euclidean,2,335(s),,,,,,,,,,
336,0.7757830762038337,0.7416666666666667,8,187,uniform,ball_tree,euclidean,2,336(s),,,,,,,,,,
337,0.7973819541841983,0.7753623188405797,12,129,uniform,ball_tree,euclidean,2,337(s),,,,,,,,,,
338,0.8082047685834504,0.7583333333333333,15,148,uniform,ball_tree,euclidean,2,326(s),333,338.0,,,,,,,,
339,0.7801542776998598,0.7413043478260869,6,52,uniform,ball_tree,euclidean,2,326(s),333,339.0,,,,,,,,
340,0.7973352033660589,0.7586956521739131,9,31,uniform,ball_tree,euclidean,2,326(s),334,340.0,,,,,,,,
341,0.8082047685834504,0.7583333333333333,15,2,uniform,ball_tree,euclidean,2,326(s),334,341.0,,,,,,,,
342,0.6616175783076204,0.6634057971014493,40,116,uniform,ball_tree,euclidean,2,327(s),332,342.0,,,,,,,,
343,0.6573398784478728,0.6637681159420289,50,152,uniform,ball_tree,euclidean,2,327(s),332,343.0,,,,,,,,
344,0.8059841047218328,0.7666666666666666,14,28,uniform,ball_tree,euclidean,2,329(s),344,,,,,,,,,
345,0.7973819541841983,0.7844202898550724,10,48,uniform,ball_tree,euclidean,2,329(s),345,,,,,,,,,
346,0.8082047685834504,0.7583333333333333,15,48,uniform,ball_tree,euclidean,2,346(s),,,,,,,,,,
347,0.8059841047218328,0.7666666666666666,14,214,uniform,ball_tree,euclidean,2,347(s),,,,,,,,,,
348,0.7973819541841983,0.7753623188405797,12,67,uniform,ball_tree,euclidean,2,348(s),,,,,,,,,,
349,0.8598410472183262,0.6807971014492752,3,13,uniform,ball_tree,euclidean,2,329(s),345,349.0,,,,,,,,
350,0.8663160355306218,0.6891304347826088,2,50,uniform,ball_tree,euclidean,2,329(s),345,350.0,,,,,,,,
351,0.8598410472183262,0.6807971014492752,3,253,uniform,ball_tree,euclidean,2,337(s),351,,,,,,,,,
352,0.8663160355306218,0.6891304347826088,2,242,uniform,ball_tree,euclidean,2,337(s),352,,,,,,,,,
353,0.7973352033660589,0.7586956521739131,9,47,uniform,ball_tree,euclidean,2,329(s),344,353.0,,,,,,,,
354,0.7413978494623656,0.7677536231884058,27,7,uniform,ball_tree,euclidean,2,329(s),344,354.0,,,,,,,,
355,0.7973352033660589,0.7586956521739131,9,158,uniform,ball_tree,euclidean,2,335(s),355,,,,,,,,,
356,0.7973352033660589,0.7586956521739131,9,45,uniform,ball_tree,euclidean,2,335(s),356,,,,,,,,,
357,1.0,0.7579710144927535,1,1,uniform,ball_tree,euclidean,2,326(s),334,341.0,357,,,,,,,
358,0.8663160355306218,0.6891304347826088,2,3,uniform,ball_tree,euclidean,2,326(s),334,341.0,358,,,,,,,
359,0.7973819541841983,0.7492753623188405,13,94,uniform,ball_tree,euclidean,2,327(s),332,359.0,,,,,,,,
360,0.6810425432445066,0.6804347826086955,36,73,uniform,ball_tree,euclidean,2,327(s),332,360.0,,,,,,,,
361,0.8663160355306218,0.6891304347826088,2,100,uniform,ball_tree,euclidean,2,329(s),361,,,,,,,,,
362,0.7758298270219729,0.7416666666666666,7,43,uniform,ball_tree,euclidean,2,329(s),362,,,,,,,,,
363,0.7931042543244506,0.7152173913043478,5,1,uniform,ball_tree,euclidean,2,326(s),333,339.0,363,,,,,,,
364,0.7973352033660589,0.7586956521739131,9,89,uniform,ball_tree,euclidean,2,326(s),333,339.0,364,,,,,,,
365,0.8081813931743806,0.7670289855072464,16,253,uniform,ball_tree,euclidean,2,365(s),,,,,,,,,,
366,0.7973819541841983,0.7753623188405797,12,73,uniform,ball_tree,euclidean,2,366(s),,,,,,,,,,
367,0.7478494623655914,0.8018115942028985,26,222,uniform,ball_tree,euclidean,2,367(s),,,,,,,,,,
368,0.7973819541841983,0.7492753623188405,13,58,uniform,ball_tree,euclidean,2,329(s),345,368.0,,,,,,,,
369,1.0,0.7579710144927535,1,1,uniform,ball_tree,euclidean,2,329(s),345,369.0,,,,,,,,
370,0.7758298270219729,0.7416666666666666,7,97,uniform,ball_tree,euclidean,2,327(s),332,359.0,370,,,,,,,
371,1.0,0.7579710144927535,1,149,uniform,ball_tree,euclidean,2,327(s),332,359.0,371,,,,,,,
372,1.0,0.7579710144927535,1,79,uniform,ball_tree,euclidean,2,329(s),345,350.0,372,,,,,,,
373,1.0,0.7579710144927535,1,69,uniform,ball_tree,euclidean,2,329(s),345,350.0,373,,,,,,,
374,1.0,0.7579710144927535,1,1,uniform,ball_tree,euclidean,2,337(s),352,374.0,,,,,,,,
375,1.0,0.7579710144927535,1,143,uniform,ball_tree,euclidean,2,337(s),352,375.0,,,,,,,,
376,0.7413978494623656,0.7677536231884058,27,122,uniform,ball_tree,euclidean,2,376(s),,,,,,,,,,
377,0.7241701729780272,0.7061594202898551,34,82,uniform,ball_tree,euclidean,2,377(s),,,,,,,,,,
378,0.7478494623655914,0.8018115942028985,26,108,uniform,ball_tree,euclidean,2,378(s),,,,,,,,,,
379,0.7672510518934083,0.7586956521739131,22,67,uniform,ball_tree,euclidean,2,367(s),379,,,,,,,,,
380,0.6616175783076204,0.6634057971014493,40,175,uniform,ball_tree,euclidean,2,367(s),380,,,,,,,,,
381,1.0,0.7579710144927535,1,1,uniform,ball_tree,euclidean,2,329(s),345,369.0,381,,,,,,,
382,1.0,0.7579710144927535,1,1,uniform,ball_tree,euclidean,2,329(s),345,369.0,382,,,,,,,
383,1.0,0.7579710144927535,1,105,uniform,ball_tree,euclidean,2,337(s),352,375.0,383,,,,,,,
384,1.0,0.7579710144927535,1,66,uniform,ball_tree,euclidean,2,337(s),352,375.0,384,,,,,,,
385,0.7801542776998598,0.7413043478260869,6,98,uniform,ball_tree,euclidean,2,329(s),345,368.0,385,,,,,,,
386,0.8038101916783544,0.7934782608695652,19,78,uniform,ball_tree,euclidean,2,329(s),345,368.0,386,,,,,,,
387,0.7757830762038337,0.7416666666666667,8,95,uniform,ball_tree,euclidean,2,327(s),332,359.0,370,387,,,,,,
388,0.8598410472183262,0.6807971014492752,3,109,uniform,ball_tree,euclidean,2,327(s),332,359.0,370,388,,,,,,
389,1.0,0.7579710144927535,1,20,uniform,ball_tree,euclidean,2,329(s),345,350.0,389,,,,,,,
390,0.8663160355306218,0.6891304347826088,2,21,uniform,ball_tree,euclidean,2,329(s),345,350.0,390,,,,,,,
391,0.7973819541841983,0.7416666666666666,11,157,uniform,ball_tree,euclidean,2,367(s),391(s),,,,,,,,,
392,0.8081813931743806,0.7670289855072464,16,275,uniform,ball_tree,euclidean,2,367(s),392(s),,,,,,,,,
393,0.7263207106124359,0.6978260869565217,31,111,uniform,ball_tree,euclidean,2,367(s),393(s),,,,,,,,,
394,0.6659186535764375,0.6721014492753623,39,35,uniform,ball_tree,euclidean,2,378(s),394,,,,,,,,,
395,0.7758298270219729,0.7416666666666666,7,67,uniform,ball_tree,euclidean,2,378(s),395,,,,,,,,,
396,0.7435483870967742,0.714855072463768,32,85,uniform,ball_tree,euclidean,2,367(s),379,396.0,,,,,,,,
397,1.0,0.7579710144927535,1,64,uniform,ball_tree,euclidean,2,367(s),379,397.0,,,,,,,,
398,1.0,0.7579710144927535,1,1,uniform,ball_tree,euclidean,2,329(s),345,369.0,398,,,,,,,
399,1.0,0.7579710144927535,1,1,uniform,ball_tree,euclidean,2,329(s),345,369.0,399,,,,,,,
400,1.0,0.7579710144927535,1,83,uniform,ball_tree,euclidean,2,337(s),352,375.0,400,,,,,,,
401,1.0,0.7579710144927535,1,152,uniform,ball_tree,euclidean,2,337(s),352,375.0,401,,,,,,,
402,1.0,0.7579710144927535,1,1,uniform,ball_tree,euclidean,2,329(s),345,369.0,382,402,,,,,,
403,1.0,0.7579710144927535,1,1,uniform,ball_tree,euclidean,2,329(s),345,369.0,382,403,,,,,,
404,1.0,0.7579710144927535,1,89,uniform,ball_tree,euclidean,2,337(s),352,375.0,383,404,,,,,,
405,1.0,0.7579710144927535,1,125,uniform,ball_tree,euclidean,2,337(s),352,375.0,383,405,,,,,,
406,1.0,0.7579710144927535,1,21,uniform,ball_tree,euclidean,2,337(s),352,375.0,384,406,,,,,,
407,1.0,0.7579710144927535,1,96,uniform,ball_tree,euclidean,2,337(s),352,375.0,384,407,,,,,,
408,1.0,0.7579710144927535,1,139,uniform,ball_tree,euclidean,2,327(s),332,359.0,370,387,408,,,,,
409,0.7973352033660589,0.7586956521739131,9,25,uniform,ball_tree,euclidean,2,327(s),332,359.0,370,387,409,,,,,
410,0.8598410472183262,0.6807971014492752,3,92,uniform,ball_tree,euclidean,2,329(s),345,368.0,385,410,,,,,,
411,0.7758298270219729,0.7416666666666666,7,34,uniform,ball_tree,euclidean,2,329(s),345,368.0,385,411,,,,,,
412,0.8663160355306218,0.6891304347826088,2,33,uniform,ball_tree,euclidean,2,329(s),345,350.0,390,412,,,,,,
413,0.8598410472183262,0.6807971014492752,3,29,uniform,ball_tree,euclidean,2,329(s),345,350.0,390,413,,,,,,
414,0.7241701729780272,0.7061594202898551,34,261,uniform,ball_tree,euclidean,2,367(s),414(s),,,,,,,,,
415,0.7780037400654513,0.8021739130434783,20,164,uniform,ball_tree,euclidean,2,367(s),415(s),,,,,,,,,
416,0.7973819541841983,0.7492753623188405,13,300,uniform,ball_tree,euclidean,2,367(s),416(s),,,,,,,,,
417,0.7780037400654513,0.8021739130434783,20,300,uniform,ball_tree,euclidean,2,367(s),392(s),417.0,,,,,,,,
418,0.7263207106124359,0.6978260869565217,31,300,uniform,ball_tree,euclidean,2,367(s),392(s),418.0,,,,,,,,
419,0.7973819541841983,0.7416666666666666,11,1,uniform,ball_tree,euclidean,2,367(s),379,419.0,,,,,,,,
420,0.8663160355306218,0.6891304347826088,2,132,uniform,ball_tree,euclidean,2,367(s),379,420.0,,,,,,,,
421,1.0,0.7579710144927535,1,27,uniform,ball_tree,euclidean,2,327(s),332,359.0,370,387,409,421,,,,
422,0.7973819541841983,0.7753623188405797,12,23,uniform,ball_tree,euclidean,2,327(s),332,359.0,370,387,409,422,,,,
423,1.0,0.7579710144927535,1,122,uniform,ball_tree,euclidean,2,337(s),352,375.0,384,423,,,,,,
424,1.0,0.7579710144927535,1,38,uniform,ball_tree,euclidean,2,337(s),352,375.0,384,424,,,,,,
425,1.0,0.7579710144927535,1,23,uniform,ball_tree,euclidean,2,367(s),379,397.0,425,,,,,,,
426,1.0,0.7579710144927535,1,34,uniform,ball_tree,euclidean,2,367(s),379,397.0,426,,,,,,,
427,1.0,0.7579710144927535,1,1,uniform,ball_tree,euclidean,2,329(s),345,369.0,398,427,,,,,,
428,1.0,0.7579710144927535,1,1,uniform,ball_tree,euclidean,2,329(s),345,369.0,398,428,,,,,,
429,1.0,0.7579710144927535,1,1,uniform,ball_tree,euclidean,2,329(s),345,369.0,399,429,,,,,,
430,1.0,0.7579710144927535,1,1,uniform,ball_tree,euclidean,2,329(s),345,369.0,399,430,,,,,,
431,1.0,0.7579710144927535,1,1,uniform,ball_tree,euclidean,2,329(s),345,369.0,382,402,431,,,,,
432,1.0,0.7579710144927535,1,1,uniform,ball_tree,euclidean,2,329(s),345,369.0,382,402,432,,,,,
433,1.0,0.7579710144927535,1,4,uniform,ball_tree,euclidean,2,337(s),352,375.0,384,407,433,,,,,
434,1.0,0.7579710144927535,1,27,uniform,ball_tree,euclidean,2,337(s),352,375.0,384,407,434,,,,,
435,1.0,0.7579710144927535,1,18,uniform,ball_tree,euclidean,2,329(s),345,368.0,385,435,,,,,,
436,0.7973352033660589,0.7586956521739131,9,59,uniform,ball_tree,euclidean,2,329(s),345,368.0,385,436,,,,,,
437,0.6702431042543244,0.6721014492753623,42,59,uniform,ball_tree,euclidean,2,367(s),379,396.0,437,,,,,,,
438,0.6702431042543243,0.6637681159420289,43,166,uniform,ball_tree,euclidean,2,367(s),379,396.0,438,,,,,,,
439,0.7241467975689575,0.6978260869565217,33,93,uniform,ball_tree,euclidean,2,367(s),393(s),439.0,,,,,,,,
440,0.7973819541841983,0.7416666666666666,11,92,uniform,ball_tree,euclidean,2,367(s),393(s),440.0,,,,,,,,
441,0.7931042543244506,0.7152173913043478,5,31,uniform,ball_tree,euclidean,2,329(s),345,350.0,390,413,441,,,,,
442,1.0,0.7579710144927535,1,35,uniform,ball_tree,euclidean,2,329(s),345,350.0,390,413,442,,,,,
443,0.8081813931743806,0.7670289855072464,16,167,uniform,ball_tree,euclidean,2,367(s),392(s),417.0,443(s),,,,,,,
444,0.7413978494623656,0.7677536231884058,27,255,uniform,ball_tree,euclidean,2,367(s),392(s),417.0,444(s),,,,,,,
445,0.7780037400654513,0.8021739130434783,20,259,uniform,ball_tree,euclidean,2,367(s),392(s),417.0,445(s),,,,,,,
446,0.7499766245909305,0.7496376811594203,30,300,uniform,ball_tree,euclidean,2,367(s),446,,,,,,,,,
447,0.7973819541841983,0.7416666666666666,11,78,uniform,ball_tree,euclidean,2,367(s),447,,,,,,,,,
448,0.7672510518934083,0.7586956521739131,22,14,uniform,ball_tree,euclidean,2,327(s),332,359.0,370,387,409,422,448.0,,,
449,0.8081813931743806,0.7670289855072464,16,26,uniform,ball_tree,euclidean,2,327(s),332,359.0,370,387,409,422,449.0,,,
450,0.7801542776998598,0.7413043478260869,6,84,uniform,ball_tree,euclidean,2,367(s),379,450.0,,,,,,,,
451,0.6680691912108461,0.6717391304347825,38,52,uniform,ball_tree,euclidean,2,367(s),379,451.0,,,,,,,,
452,1.0,0.7579710144927535,1,63,uniform,ball_tree,euclidean,2,337(s),352,375.0,384,452,,,,,,
453,1.0,0.7579710144927535,1,49,uniform,ball_tree,euclidean,2,337(s),352,375.0,384,453,,,,,,
454,1.0,0.7579710144927535,1,1,uniform,ball_tree,euclidean,2,329(s),345,369.0,398,454,,,,,,
455,1.0,0.7579710144927535,1,1,uniform,ball_tree,euclidean,2,329(s),345,369.0,398,455,,,,,,
456,1.0,0.7579710144927535,1,30,uniform,ball_tree,euclidean,2,337(s),352,375.0,384,423,456,,,,,
457,1.0,0.7579710144927535,1,148,uniform,ball_tree,euclidean,2,337(s),352,375.0,384,423,457,,,,,
458,1.0,0.7579710144927535,1,17,uniform,ball_tree,euclidean,2,367(s),379,397.0,425,458,,,,,,
459,1.0,0.7579710144927535,1,16,uniform,ball_tree,euclidean,2,367(s),379,397.0,425,459,,,,,,
460,1.0,0.7579710144927535,1,1,uniform,ball_tree,euclidean,2,329(s),345,369.0,398,428,460,,,,,
461,1.0,0.7579710144927535,1,1,uniform,ball_tree,euclidean,2,329(s),345,369.0,398,428,461,,,,,
462,1.0,0.7579710144927535,1,1,uniform,ball_tree,euclidean,2,329(s),345,369.0,399,429,462,,,,,
463,1.0,0.7579710144927535,1,1,uniform,ball_tree,euclidean,2,329(s),345,369.0,399,429,463,,,,,
464,0.7973352033660589,0.7586956521739131,9,1,uniform,ball_tree,euclidean,2,367(s),379,419.0,464,,,,,,,
465,0.7823281907433381,0.8021739130434783,21,1,uniform,ball_tree,euclidean,2,367(s),379,419.0,465,,,,,,,
466,0.7757830762038337,0.7416666666666667,8,101,uniform,ball_tree,euclidean,2,329(s),345,368.0,385,466,,,,,,
467,1.0,0.7579710144927535,1,164,uniform,ball_tree,euclidean,2,329(s),345,368.0,385,467,,,,,,
468,1.0,0.7579710144927535,1,3,uniform,ball_tree,euclidean,2,329(s),345,350.0,390,413,468,,,,,
469,0.8016596540439458,0.7148550724637681,4,34,uniform,ball_tree,euclidean,2,329(s),345,350.0,390,413,469,,,,,
470,0.7478494623655914,0.8018115942028985,26,1,uniform,ball_tree,euclidean,2,367(s),379,419.0,465,470(s),,,,,,
471,0.7995091164095373,0.7760869565217392,17,1,uniform,ball_tree,euclidean,2,367(s),379,419.0,465,471(s),,,,,,
472,0.7672510518934083,0.7586956521739131,22,1,uniform,ball_tree,euclidean,2,367(s),379,419.0,465,472(s),,,,,,
473,0.7973819541841983,0.7416666666666666,11,1,uniform,ball_tree,euclidean,2,367(s),473,,,,,,,,,
474,0.7284478728377748,0.75,29,38,uniform,ball_tree,euclidean,2,367(s),474,,,,,,,,,
475,1.0,0.7579710144927535,1,40,uniform,ball_tree,euclidean,2,367(s),379,397.0,425,475,,,,,,
476,1.0,0.7579710144927535,1,27,uniform,ball_tree,euclidean,2,367(s),379,397.0,425,476,,,,,,
477,1.0,0.7579710144927535,1,1,uniform,ball_tree,euclidean,2,329(s),345,369.0,399,429,477,,,,,
478,1.0,0.7579710144927535,1,1,uniform,ball_tree,euclidean,2,329(s),345,369.0,399,429,478,,,,,
479,1.0,0.7579710144927535,1,1,uniform,ball_tree,euclidean,2,329(s),345,369.0,398,428,460,479,,,,
480,1.0,0.7579710144927535,1,1,uniform,ball_tree,euclidean,2,329(s),345,369.0,398,428,460,480,,,,
481,1.0,0.7579710144927535,1,1,uniform,ball_tree,euclidean,2,329(s),345,369.0,399,429,463,481,,,,
482,1.0,0.7579710144927535,1,1,uniform,ball_tree,euclidean,2,329(s),345,369.0,399,429,463,482,,,,
483,0.8059841047218328,0.7666666666666666,14,1,uniform,ball_tree,euclidean,2,367(s),379,419.0,465,483(s),,,,,,
484,0.7823281907433381,0.8021739130434783,21,1,uniform,ball_tree,euclidean,2,367(s),379,419.0,465,484(s),,,,,,
485,0.7973819541841983,0.7492753623188405,13,1,uniform,ball_tree,euclidean,2,367(s),379,419.0,465,485(s),,,,,,
486,1.0,0.7579710144927535,1,1,uniform,ball_tree,euclidean,2,329(s),345,369.0,399,429,463,481,486.0,,,
487,1.0,0.7579710144927535,1,1,uniform,ball_tree,euclidean,2,329(s),345,369.0,399,429,463,481,487.0,,,
488,0.7973819541841983,0.7844202898550724,10,1,uniform,ball_tree,euclidean,2,367(s),473,488.0,,,,,,,,
489,0.7973819541841983,0.7673913043478261,18,1,uniform,ball_tree,euclidean,2,367(s),473,489.0,,,,,,,,
490,0.7823281907433381,0.8021739130434783,21,1,uniform,ball_tree,euclidean,2,367(s),379,419.0,465,490(s),,,,,,
491,0.7973819541841983,0.7844202898550724,10,1,uniform,ball_tree,euclidean,2,367(s),379,419.0,465,491(s),,,,,,
492,0.7995091164095373,0.7760869565217392,17,1,uniform,ball_tree,euclidean,2,367(s),379,419.0,465,492(s),,,,,,
493,0.7973819541841983,0.7753623188405797,12,1,uniform,ball_tree,euclidean,2,367(s),473,489.0,493,,,,,,,
494,0.8038101916783544,0.7934782608695652,19,1,uniform,ball_tree,euclidean,2,367(s),473,489.0,494,,,,,,,
495,1.0,0.7579710144927535,1,1,uniform,ball_tree,euclidean,2,329(s),345,369.0,399,429,463,481,486.0,495.0,,
496,1.0,0.7579710144927535,1,1,uniform,ball_tree,euclidean,2,329(s),345,369.0,399,429,463,481,486.0,496.0,,
497,0.8082047685834504,0.7583333333333333,15,1,uniform,ball_tree,euclidean,2,367(s),473,497.0,,,,,,,,
498,1.0,0.7579710144927535,1,1,uniform,ball_tree,euclidean,2,367(s),473,498.0,,,,,,,,
499,0.7802010285179991,0.7499999999999999,23,1,uniform,ball_tree,euclidean,2,367(s),379,419.0,465,499(s),,,,,,
500,0.8082047685834504,0.7583333333333333,15,1,uniform,ball_tree,euclidean,2,367(s),379,419.0,465,500(s),,,,,,
501,0.7435717625058439,0.8018115942028985,28,1,uniform,ball_tree,euclidean,2,367(s),379,419.0,465,501(s),,,,,,
502,0.8016596540439458,0.7148550724637681,4,1,uniform,ball_tree,euclidean,2,367(s),379,419.0,465,490(s),502,,,,,
503,0.7435717625058439,0.8018115942028985,28,1,uniform,ball_tree,euclidean,2,367(s),379,419.0,465,490(s),503,,,,,
504,0.7758298270219729,0.7416666666666666,7,1,uniform,ball_tree,euclidean,2,367(s),379,419.0,465,491(s),504,,,,,
505,0.7801542776998598,0.7413043478260869,6,1,uniform,ball_tree,euclidean,2,367(s),379,419.0,465,491(s),505,,,,,
506,0.7931042543244506,0.7152173913043478,5,1,uniform,ball_tree,euclidean,2,367(s),379,419.0,465,492(s),506,,,,,
507,0.7973819541841983,0.7492753623188405,13,1,uniform,ball_tree,euclidean,2,367(s),379,419.0,465,492(s),507,,,,,
508,0.7435483870967742,0.714855072463768,32,1,uniform,ball_tree,euclidean,2,367(s),473,489.0,508,,,,,,,
509,0.7973352033660589,0.7586956521739131,9,1,uniform,ball_tree,euclidean,2,367(s),473,489.0,509,,,,,,,
510,1.0,0.7579710144927535,1,1,uniform,ball_tree,euclidean,2,329(s),345,369.0,399,429,463,481,486.0,510.0,,
511,1.0,0.7579710144927535,1,1,uniform,ball_tree,euclidean,2,329(s),345,369.0,399,429,463,481,486.0,511.0,,
512,1.0,0.7579710144927535,1,1,uniform,ball_tree,euclidean,2,367(s),473,498.0,512,,,,,,,
513,1.0,0.7579710144927535,1,1,uniform,ball_tree,euclidean,2,367(s),473,498.0,513,,,,,,,
514,0.7973819541841983,0.7416666666666666,11,1,uniform,ball_tree,euclidean,2,367(s),379,419.0,465,514(s),,,,,,
515,0.8038101916783544,0.7934782608695652,19,1,uniform,ball_tree,euclidean,2,367(s),379,419.0,465,515(s),,,,,,
516,0.7973819541841983,0.7416666666666666,11,1,uniform,ball_tree,euclidean,2,367(s),379,419.0,465,516(s),,,,,,
517,0.7241467975689575,0.6978260869565217,33,1,uniform,ball_tree,euclidean,2,367(s),379,419.0,465,490(s),517,,,,,
518,0.8059841047218328,0.7666666666666666,14,1,uniform,ball_tree,euclidean,2,367(s),379,419.0,465,490(s),518,,,,,
519,0.6680691912108461,0.6717391304347825,38,1,uniform,ball_tree,euclidean,2,367(s),379,419.0,465,490(s),503,519,,,,
520,0.6573398784478728,0.6637681159420289,50,1,uniform,ball_tree,euclidean,2,367(s),379,419.0,465,490(s),503,520,,,,
521,0.7564749883122955,0.7847826086956522,25,1,uniform,ball_tree,euclidean,2,367(s),473,489.0,521,,,,,,,
522,0.7241701729780272,0.7061594202898551,34,1,uniform,ball_tree,euclidean,2,367(s),473,489.0,522,,,,,,,
523,1.0,0.7579710144927535,1,1,uniform,ball_tree,euclidean,2,329(s),345,369.0,399,429,463,481,486.0,510.0,523.0,
524,1.0,0.7579710144927535,1,1,uniform,ball_tree,euclidean,2,329(s),345,369.0,399,429,463,481,486.0,510.0,524.0,
525,1.0,0.7579710144927535,1,1,uniform,ball_tree,euclidean,2,367(s),473,498.0,513,525,,,,,,
526,1.0,0.7579710144927535,1,1,uniform,ball_tree,euclidean,2,367(s),473,498.0,513,526,,,,,,
527,1.0,0.7579710144927535,1,1,uniform,ball_tree,euclidean,2,367(s),379,419.0,465,492(s),507,527,,,,
528,0.7672510518934083,0.7586956521739131,22,1,uniform,ball_tree,euclidean,2,367(s),379,419.0,465,492(s),507,528,,,,
529,0.8663160355306218,0.6891304347826088,2,1,uniform,ball_tree,euclidean,2,367(s),379,419.0,465,491(s),504,529,,,,
530,1.0,0.7579710144927535,1,1,uniform,ball_tree,euclidean,2,367(s),379,419.0,465,491(s),504,530,,,,
531,1.0,0.7579710144927535,1,1,uniform,ball_tree,euclidean,2,367(s),379,419.0,465,490(s),502,531,,,,
532,1.0,0.7579710144927535,1,1,uniform,ball_tree,euclidean,2,367(s),379,419.0,465,490(s),502,532,,,,
533,0.8016596540439458,0.7148550724637681,4,1,uniform,ball_tree,euclidean,2,367(s),473,489.0,508,533,,,,,,
534,0.7823281907433381,0.8021739130434783,21,1,uniform,ball_tree,euclidean,2,367(s),473,489.0,508,534,,,,,,
535,0.7802010285179991,0.7499999999999999,23,1,uniform,ball_tree,euclidean,2,367(s),379,419.0,465,535(s),,,,,,
536,0.7435717625058439,0.8018115942028985,28,1,uniform,ball_tree,euclidean,2,367(s),379,419.0,465,536(s),,,,,,
537,0.7973819541841983,0.7673913043478261,18,1,uniform,ball_tree,euclidean,2,367(s),379,419.0,465,537(s),,,,,,
538,0.7413978494623656,0.7677536231884058,27,1,uniform,ball_tree,euclidean,2,367(s),473,489.0,508,534,538,,,,,
539,0.8082047685834504,0.7583333333333333,15,1,uniform,ball_tree,euclidean,2,367(s),473,489.0,508,534,539,,,,,
540,0.7973352033660589,0.7586956521739131,9,1,uniform,ball_tree,euclidean,2,367(s),379,419.0,465,490(s),503,540,,,,
541,0.8663160355306218,0.6891304347826088,2,1,uniform,ball_tree,euclidean,2,367(s),379,419.0,465,490(s),503,541,,,,
542,0.7758298270219729,0.7416666666666666,7,1,uniform,ball_tree,euclidean,2,367(s),473,489.0,521,542,,,,,,
543,1.0,0.7579710144927535,1,1,uniform,ball_tree,euclidean,2,367(s),473,489.0,521,543,,,,,,
544,1.0,0.7579710144927535,1,1,uniform,ball_tree,euclidean,2,329(s),345,369.0,399,429,463,481,486.0,510.0,523.0,544.0
545,1.0,0.7579710144927535,1,1,uniform,ball_tree,euclidean,2,329(s),345,369.0,399,429,463,481,486.0,510.0,523.0,545.0
546,0.8663160355306218,0.6891304347826088,2,1,uniform,ball_tree,euclidean,2,367(s),379,419.0,465,491(s),504,546,,,,
547,0.7973819541841983,0.7753623188405797,12,1,uniform,ball_tree,euclidean,2,367(s),379,419.0,465,491(s),504,547,,,,
548,0.7973352033660589,0.7586956521739131,9,1,uniform,ball_tree,euclidean,2,367(s),379,419.0,465,514(s),548,,,,,
549,0.7801542776998598,0.7413043478260869,6,1,uniform,ball_tree,euclidean,2,367(s),379,419.0,465,514(s),549,,,,,
550,0.7973819541841983,0.7753623188405797,12,1,uniform,ball_tree,euclidean,2,367(s),379,419.0,465,516(s),550,,,,,
551,0.8038101916783544,0.7934782608695652,19,1,uniform,ball_tree,euclidean,2,367(s),379,419.0,465,516(s),551,,,,,
552,0.7973352033660589,0.7586956521739131,9,1,uniform,ball_tree,euclidean,2,367(s),473,489.0,508,552,,,,,,
553,0.8016596540439458,0.7148550724637681,4,1,uniform,ball_tree,euclidean,2,367(s),473,489.0,508,553,,,,,,
554,0.7758298270219729,0.7416666666666666,7,1,uniform,ball_tree,euclidean,2,367(s),379,419.0,465,490(s),517,554,,,,
555,0.8081813931743806,0.7670289855072464,16,1,uniform,ball_tree,euclidean,2,367(s),379,419.0,465,490(s),517,555,,,,
556,0.8598410472183262,0.6807971014492752,3,1,uniform,ball_tree,euclidean,2,367(s),379,419.0,465,491(s),504,529,556.0,,,
557,0.8663160355306218,0.6891304347826088,2,1,uniform,ball_tree,euclidean,2,367(s),379,419.0,465,491(s),504,529,557.0,,,
558,0.8038101916783544,0.7934782608695652,19,1,uniform,ball_tree,euclidean,2,367(s),379,419.0,465,558(s),,,,,,
559,0.8059841047218328,0.7666666666666666,14,1,uniform,ball_tree,euclidean,2,367(s),379,419.0,465,559(s),,,,,,
560,0.7973819541841983,0.7416666666666666,11,1,uniform,ball_tree,euclidean,2,367(s),379,419.0,465,560(s),,,,,,
561,0.7478494623655914,0.8018115942028985,26,1,uniform,ball_tree,euclidean,2,367(s),473,489.0,508,534,561,,,,,
562,0.7801542776998598,0.7413043478260869,6,1,uniform,ball_tree,euclidean,2,367(s),473,489.0,508,534,562,,,,,
563,0.8038101916783544,0.7934782608695652,19,1,uniform,ball_tree,euclidean,2,367(s),379,419.0,465,490(s),503,563,,,,
564,0.6573398784478728,0.6637681159420289,50,1,uniform,ball_tree,euclidean,2,367(s),379,419.0,465,490(s),503,564,,,,
565,0.7973819541841983,0.7673913043478261,18,1,uniform,ball_tree,euclidean,2,367(s),379,419.0,465,516(s),551,565,,,,
566,0.8016596540439458,0.7148550724637681,4,1,uniform,ball_tree,euclidean,2,367(s),379,419.0,465,516(s),551,566,,,,
567,0.7973819541841983,0.7673913043478261,18,1,uniform,ball_tree,euclidean,2,367(s),473,489.0,508,534,539,567,,,,
568,0.7973819541841983,0.7753623188405797,12,1,uniform,ball_tree,euclidean,2,367(s),473,489.0,508,534,539,568,,,,
569,0.7758298270219729,0.7416666666666666,7,1,uniform,ball_tree,euclidean,2,367(s),379,419.0,465,535(s),569,,,,,
570,0.7672510518934083,0.7586956521739131,22,1,uniform,ball_tree,euclidean,2,367(s),379,419.0,465,535(s),570,,,,,
571,0.8038101916783544,0.7934782608695652,19,1,uniform,ball_tree,euclidean,2,367(s),379,419.0,465,514(s),571,,,,,
572,0.7973819541841983,0.7844202898550724,10,1,uniform,ball_tree,euclidean,2,367(s),379,419.0,465,514(s),572,,,,,
573,0.7758298270219729,0.7416666666666666,7,1,uniform,ball_tree,euclidean,2,367(s),473,489.0,508,553,573,,,,,
574,0.8016596540439458,0.7148550724637681,4,1,uniform,ball_tree,euclidean,2,367(s),473,489.0,508,553,574,,,,,
575,1.0,0.7579710144927535,1,1,uniform,ball_tree,euclidean,2,367(s),379,419.0,465,491(s),504,529,575.0,,,
576,0.8663160355306218,0.6891304347826088,2,1,uniform,ball_tree,euclidean,2,367(s),379,419.0,465,491(s),504,529,576.0,,,
577,0.7973819541841983,0.7416666666666666,11,1,uniform,ball_tree,euclidean,2,367(s),473,489.0,508,534,577(s),,,,,
578,0.7413978494623656,0.7677536231884058,27,1,uniform,ball_tree,euclidean,2,367(s),473,489.0,508,534,578(s),,,,,
579,0.8038101916783544,0.7934782608695652,19,1,uniform,ball_tree,euclidean,2,367(s),473,489.0,508,534,579(s),,,,,
580,0.8059841047218328,0.7666666666666666,14,1,uniform,ball_tree,euclidean,2,367(s),379,419.0,465,558(s),580,,,,,
581,0.7823281907433381,0.8021739130434783,21,1,uniform,ball_tree,euclidean,2,367(s),379,419.0,465,558(s),581,,,,,
582,0.7973819541841983,0.7673913043478261,18,1,uniform,ball_tree,euclidean,2,367(s),379,419.0,465,514(s),571,582,,,,
583,0.7823281907433381,0.8021739130434783,21,1,uniform,ball_tree,euclidean,2,367(s),379,419.0,465,514(s),571,583,,,,
584,0.7973819541841983,0.7844202898550724,10,1,uniform,ball_tree,euclidean,2,367(s),379,419.0,465,514(s),572,584,,,,
585,0.7973819541841983,0.7673913043478261,18,1,uniform,ball_tree,euclidean,2,367(s),379,419.0,465,514(s),572,585,,,,
586,0.7478494623655914,0.8018115942028985,26,1,uniform,ball_tree,euclidean,2,367(s),473,489.0,508,534,539,567,586.0,,,
587,0.7801542776998598,0.7413043478260869,6,1,uniform,ball_tree,euclidean,2,367(s),473,489.0,508,534,539,567,587.0,,,
588,1.0,0.7579710144927535,1,1,uniform,ball_tree,euclidean,2,367(s),379,419.0,465,491(s),504,529,575.0,588.0,,
589,1.0,0.7579710144927535,1,1,uniform,ball_tree,euclidean,2,367(s),379,419.0,465,491(s),504,529,575.0,589.0,,
590,0.8598410472183262,0.6807971014492752,3,1,uniform,ball_tree,euclidean,2,367(s),379,419.0,465,491(s),504,529,590.0,,,
591,0.8598410472183262,0.6807971014492752,3,1,uniform,ball_tree,euclidean,2,367(s),379,419.0,465,491(s),504,529,591.0,,,
592,0.7413978494623656,0.7677536231884058,27,1,uniform,ball_tree,euclidean,2,367(s),379,419.0,465,558(s),581,592(s),,,,
593,0.8059841047218328,0.7666666666666666,14,1,uniform,ball_tree,euclidean,2,367(s),379,419.0,465,558(s),581,593(s),,,,
594,0.7995091164095373,0.7760869565217392,17,1,uniform,ball_tree,euclidean,2,367(s),379,419.0,465,558(s),581,594(s),,,,
595,0.8663160355306218,0.6891304347826088,2,1,uniform,ball_tree,euclidean,2,367(s),379,419.0,465,514(s),571,583,595.0,,,
596,0.8598410472183262,0.6807971014492752,3,1,uniform,ball_tree,euclidean,2,367(s),379,419.0,465,514(s),571,583,596.0,,,
597,0.7973819541841983,0.7673913043478261,18,1,uniform,ball_tree,euclidean,2,367(s),379,419.0,465,558(s),581,597(s),,,,
598,0.7973819541841983,0.7673913043478261,18,1,uniform,ball_tree,euclidean,2,367(s),379,419.0,465,558(s),581,598(s),,,,
599,0.7284478728377748,0.75,29,1,uniform,ball_tree,euclidean,2,367(s),379,419.0,465,558(s),581,599(s),,,,
