,train,test,0,1,2,3,4,5,6,7,8,9,10,11,12,13,14
0,0.843859649122807,0.822857142857143,26,285,uniform,ball_tree,euclidean,0,,,,,,,,,
1,0.7399274047186932,0.7361904761904763,32,118,uniform,ball_tree,euclidean,1,,,,,,,,,
2,0.9029643073200242,0.9057142857142857,6,256,uniform,ball_tree,euclidean,2,,,,,,,,,
3,0.8229280096793709,0.836190476190476,28,44,uniform,ball_tree,euclidean,3,,,,,,,,,
4,0.7083484573502722,0.7085714285714286,45,252,uniform,ball_tree,euclidean,4,,,,,,,,,
5,0.8821536600120993,0.8219047619047618,20,52,uniform,ball_tree,euclidean,5,,,,,,,,,
6,0.8403508771929824,0.8085714285714285,24,120,uniform,ball_tree,euclidean,6,,,,,,,,,
7,0.7083484573502722,0.7085714285714286,36,54,uniform,ball_tree,euclidean,7,,,,,,,,,
8,0.8681790683605565,0.8076190476190476,23,294,uniform,ball_tree,euclidean,8,,,,,,,,,
9,0.9064125831820931,0.836190476190476,15,113,uniform,ball_tree,euclidean,9,,,,,,,,,
10,0.9064730792498488,0.8914285714285715,4,300,uniform,ball_tree,euclidean,2,10(s),,,,,,,,
11,0.9133696309739866,0.9057142857142857,5,300,uniform,ball_tree,euclidean,2,11(s),,,,,,,,
12,0.9133091349062312,0.8342857142857143,3,189,uniform,ball_tree,euclidean,2,12(s),,,,,,,,
13,0.7083484573502722,0.7085714285714286,50,63,uniform,ball_tree,euclidean,3,13,,,,,,,,
14,0.9099213551119177,0.9057142857142857,7,79,uniform,ball_tree,euclidean,3,14,,,,,,,,
15,0.8960072595281308,0.836190476190476,18,1,uniform,ball_tree,euclidean,9,15,,,,,,,,
16,0.8960072595281308,0.8209523809523809,2,91,uniform,ball_tree,euclidean,9,16,,,,,,,,
17,0.7083484573502722,0.7085714285714286,48,300,uniform,ball_tree,euclidean,0,17,,,,,,,,
18,0.7434361766485178,0.7361904761904763,33,300,uniform,ball_tree,euclidean,0,18,,,,,,,,
19,0.8995160314579552,0.9057142857142857,6,1,uniform,ball_tree,euclidean,5,19,,,,,,,,
20,0.8403508771929824,0.8085714285714285,24,87,uniform,ball_tree,euclidean,5,20,,,,,,,,
21,0.7083484573502722,0.7085714285714286,37,145,uniform,ball_tree,euclidean,6,21,,,,,,,,
22,0.8019963702359346,0.8085714285714285,31,54,uniform,ball_tree,euclidean,6,22,,,,,,,,
23,0.8960072595281308,0.836190476190476,18,300,uniform,ball_tree,euclidean,8,23,,,,,,,,
24,0.8019963702359346,0.8085714285714285,31,234,uniform,ball_tree,euclidean,8,24,,,,,,,,
25,0.7399274047186932,0.7361904761904763,32,176,uniform,ball_tree,euclidean,1,25,,,,,,,,
26,0.7083484573502722,0.7085714285714286,50,191,uniform,ball_tree,euclidean,1,26,,,,,,,,
27,0.7083484573502722,0.7085714285714286,50,93,uniform,ball_tree,euclidean,4,27,,,,,,,,
28,0.8960072595281308,0.836190476190476,18,300,uniform,ball_tree,euclidean,4,28,,,,,,,,
29,0.9029038112522686,0.836190476190476,15,27,uniform,ball_tree,euclidean,7,29,,,,,,,,
30,0.7083484573502722,0.7085714285714286,50,82,uniform,ball_tree,euclidean,7,30,,,,,,,,
31,0.9168784029038113,0.8914285714285715,9,300,uniform,ball_tree,euclidean,2,31(s),,,,,,,,
32,0.9029643073200242,0.9057142857142857,6,300,uniform,ball_tree,euclidean,2,32(s),,,,,,,,
33,0.9133696309739868,0.8914285714285715,11,245,uniform,ball_tree,euclidean,2,33(s),,,,,,,,
34,0.9064730792498488,0.8914285714285715,4,34,uniform,ball_tree,euclidean,2,11(s),34,,,,,,,
35,1.0,0.78,1,130,uniform,ball_tree,euclidean,2,11(s),35,,,,,,,
36,0.9168784029038113,0.8914285714285715,9,49,uniform,ball_tree,euclidean,3,14,36,,,,,,,
37,0.9099213551119177,0.8914285714285715,10,22,uniform,ball_tree,euclidean,3,14,37,,,,,,,
38,0.7083484573502722,0.7085714285714286,34,46,uniform,ball_tree,euclidean,3,38,,,,,,,,
39,0.7083484573502722,0.7085714285714286,50,6,uniform,ball_tree,euclidean,3,39,,,,,,,,
40,0.8995160314579552,0.8495238095238096,14,246,uniform,ball_tree,euclidean,0,40,,,,,,,,
41,0.8820931639443435,0.8352380952380953,21,51,uniform,ball_tree,euclidean,0,41,,,,,,,,
42,0.7083484573502722,0.7085714285714286,50,15,uniform,ball_tree,euclidean,6,22,42,,,,,,,
43,0.9064730792498488,0.8914285714285715,4,49,uniform,ball_tree,euclidean,6,22,43,,,,,,,
44,0.8682395644283123,0.7933333333333332,22,221,uniform,ball_tree,euclidean,1,44,,,,,,,,
45,0.7434361766485178,0.7361904761904763,33,143,uniform,ball_tree,euclidean,1,45,,,,,,,,
46,0.8995160314579552,0.8495238095238096,14,134,uniform,ball_tree,euclidean,1,25,46,,,,,,,
47,0.8960677555958864,0.8914285714285715,10,147,uniform,ball_tree,euclidean,1,25,47,,,,,,,
48,0.7083484573502722,0.7085714285714286,39,90,uniform,ball_tree,euclidean,3,13,48,,,,,,,
49,0.8960072595281308,0.8209523809523809,2,68,uniform,ball_tree,euclidean,3,13,49,,,,,,,
50,0.7083484573502722,0.7085714285714286,48,207,uniform,ball_tree,euclidean,6,21,50,,,,,,,
51,0.7083484573502722,0.7085714285714286,50,21,uniform,ball_tree,euclidean,6,21,51,,,,,,,
52,0.9168784029038113,0.8914285714285715,9,51,uniform,ball_tree,euclidean,4,27,52,,,,,,,
53,0.8333333333333333,0.836190476190476,29,107,uniform,ball_tree,euclidean,4,27,53,,,,,,,
54,0.8229280096793709,0.836190476190476,28,109,uniform,ball_tree,euclidean,7,30,54,,,,,,,
55,0.8960072595281308,0.8209523809523809,2,24,uniform,ball_tree,euclidean,7,30,55,,,,,,,
56,0.8960072595281308,0.8209523809523809,2,184,uniform,ball_tree,euclidean,2,56(s),,,,,,,,
57,1.0,0.78,1,192,uniform,ball_tree,euclidean,2,57(s),,,,,,,,
58,0.9133696309739866,0.9057142857142857,5,99,uniform,ball_tree,euclidean,2,58(s),,,,,,,,
59,0.9029643073200242,0.9057142857142857,6,139,uniform,ball_tree,euclidean,2,11(s),59,,,,,,,
60,0.9064730792498488,0.9057142857142857,8,193,uniform,ball_tree,euclidean,2,11(s),60,,,,,,,
61,0.9168784029038113,0.8914285714285715,9,135,uniform,ball_tree,euclidean,3,14,61,,,,,,,
62,1.0,0.78,1,123,uniform,ball_tree,euclidean,3,14,62,,,,,,,
63,0.9168784029038113,0.8914285714285715,9,289,uniform,ball_tree,euclidean,2,31(s),63,,,,,,,
64,0.9133696309739866,0.9057142857142857,5,94,uniform,ball_tree,euclidean,2,31(s),64,,,,,,,
65,1.0,0.7666666666666667,1,25,uniform,ball_tree,euclidean,2,11(s),34,65,,,,,,
66,1.0,0.78,1,39,uniform,ball_tree,euclidean,2,11(s),34,66,,,,,,
67,0.8960072595281308,0.8209523809523809,2,55,uniform,ball_tree,euclidean,3,14,36,67,,,,,,
68,0.8995160314579552,0.8495238095238096,14,79,uniform,ball_tree,euclidean,3,14,36,68,,,,,,
69,0.8960072595281308,0.8209523809523809,2,81,uniform,ball_tree,euclidean,6,22,43,69,,,,,,
70,1.0,0.7666666666666667,1,27,uniform,ball_tree,euclidean,6,22,43,70,,,,,,
71,1.0,0.78,1,106,uniform,ball_tree,euclidean,1,25,46,71,,,,,,
72,0.9133696309739866,0.9057142857142857,5,222,uniform,ball_tree,euclidean,1,25,46,72,,,,,,
73,0.7083484573502722,0.7085714285714286,35,33,uniform,ball_tree,euclidean,0,41,73,,,,,,,
74,0.8471869328493649,0.8076190476190476,25,99,uniform,ball_tree,euclidean,0,41,74,,,,,,,
75,0.7083484573502722,0.7085714285714286,41,300,uniform,ball_tree,euclidean,0,75,,,,,,,,
76,0.9064730792498488,0.9057142857142857,8,300,uniform,ball_tree,euclidean,0,76,,,,,,,,
77,1.0,0.78,1,100,uniform,ball_tree,euclidean,3,13,49,77,,,,,,
78,1.0,0.78,1,80,uniform,ball_tree,euclidean,3,13,49,78,,,,,,
79,0.9167574107683001,0.8342857142857143,3,25,uniform,ball_tree,euclidean,7,30,55,79,,,,,,
80,1.0,0.7666666666666667,1,16,uniform,ball_tree,euclidean,7,30,55,80,,,,,,
81,0.8994555353901996,0.836190476190476,17,41,uniform,ball_tree,euclidean,3,13,81,,,,,,,
82,0.9099213551119177,0.8638095238095238,12,25,uniform,ball_tree,euclidean,3,13,82,,,,,,,
83,0.8019963702359346,0.8085714285714285,31,123,uniform,ball_tree,euclidean,7,30,83,,,,,,,
84,0.843859649122807,0.822857142857143,26,142,uniform,ball_tree,euclidean,7,30,84,,,,,,,
85,0.7083484573502722,0.7085714285714286,42,147,uniform,ball_tree,euclidean,3,13,48,85,,,,,,
86,1.0,0.7666666666666667,1,8,uniform,ball_tree,euclidean,3,13,48,86,,,,,,
87,0.8333333333333333,0.836190476190476,29,36,uniform,ball_tree,euclidean,6,21,51,87,,,,,,
88,0.9064125831820931,0.8495238095238096,14,11,uniform,ball_tree,euclidean,6,21,51,88,,,,,,
89,0.9064730792498488,0.9057142857142857,8,2,uniform,ball_tree,euclidean,2,11(s),89(s),,,,,,,
90,0.9133091349062312,0.8342857142857143,3,71,uniform,ball_tree,euclidean,2,11(s),90(s),,,,,,,
91,1.0,0.78,1,283,uniform,ball_tree,euclidean,2,11(s),91(s),,,,,,,
92,1.0,0.78,1,157,uniform,ball_tree,euclidean,3,14,92,,,,,,,
93,0.9029643073200242,0.9057142857142857,6,57,uniform,ball_tree,euclidean,3,14,93,,,,,,,
94,0.9029643073200242,0.9057142857142857,6,82,uniform,ball_tree,euclidean,2,58(s),94,,,,,,,
95,0.9064730792498488,0.8914285714285715,4,59,uniform,ball_tree,euclidean,2,58(s),95,,,,,,,
96,0.8960072595281308,0.8209523809523809,2,159,uniform,ball_tree,euclidean,2,31(s),64,96,,,,,,
97,0.9029643073200242,0.9057142857142857,6,101,uniform,ball_tree,euclidean,2,31(s),64,97,,,,,,
98,0.8960072595281308,0.8209523809523809,2,7,uniform,ball_tree,euclidean,2,11(s),34,98,,,,,,
99,0.9133696309739866,0.9057142857142857,5,5,uniform,ball_tree,euclidean,2,11(s),34,99,,,,,,
100,0.9098608590441621,0.862857142857143,13,23,uniform,ball_tree,euclidean,3,14,36,100,,,,,,
101,0.8960072595281308,0.8209523809523809,2,50,uniform,ball_tree,euclidean,3,14,36,101,,,,,,
102,0.9099213551119177,0.9057142857142857,7,300,uniform,ball_tree,euclidean,2,31(s),63,102,,,,,,
103,0.9064125831820931,0.836190476190476,15,300,uniform,ball_tree,euclidean,2,31(s),63,103,,,,,,
104,0.9064125831820931,0.836190476190476,15,300,uniform,ball_tree,euclidean,0,104,,,,,,,,
105,0.7083484573502722,0.7085714285714286,34,300,uniform,ball_tree,euclidean,0,105,,,,,,,,
106,0.8994555353901996,0.8209523809523809,2,8,uniform,ball_tree,euclidean,3,13,49,106,,,,,,
107,0.8960072595281308,0.8209523809523809,2,111,uniform,ball_tree,euclidean,3,13,49,107,,,,,,
108,1.0,0.7666666666666667,1,2,uniform,ball_tree,euclidean,2,11(s),34,66,108,,,,,
109,1.0,0.78,1,34,uniform,ball_tree,euclidean,2,11(s),34,66,109,,,,,
110,1.0,0.7666666666666667,1,12,uniform,ball_tree,euclidean,3,13,48,86,110,,,,,
111,1.0,0.7666666666666667,1,3,uniform,ball_tree,euclidean,3,13,48,86,111,,,,,
112,0.7083484573502722,0.7085714285714286,37,13,uniform,ball_tree,euclidean,7,30,112,,,,,,,
113,0.8820931639443435,0.8352380952380953,21,62,uniform,ball_tree,euclidean,7,30,113,,,,,,,
114,0.7083484573502722,0.7085714285714286,38,137,uniform,ball_tree,euclidean,3,13,48,85,114,,,,,
115,0.8995160314579552,0.8495238095238096,14,196,uniform,ball_tree,euclidean,3,13,48,85,115,,,,,
116,0.9133091349062312,0.8342857142857143,3,46,uniform,ball_tree,euclidean,2,11(s),116(s),,,,,,,
117,1.0,0.78,1,269,uniform,ball_tree,euclidean,2,11(s),117(s),,,,,,,
118,0.9064730792498488,0.8914285714285715,4,141,uniform,ball_tree,euclidean,2,11(s),118(s),,,,,,,
119,0.9133696309739868,0.8914285714285715,11,130,uniform,ball_tree,euclidean,3,14,119,,,,,,,
120,0.9029643073200242,0.8914285714285715,12,71,uniform,ball_tree,euclidean,3,14,120,,,,,,,
121,1.0,0.78,1,69,uniform,ball_tree,euclidean,2,31(s),64,121,,,,,,
122,0.9064730792498488,0.8914285714285715,4,41,uniform,ball_tree,euclidean,2,31(s),64,122,,,,,,
123,1.0,0.78,1,1,uniform,ball_tree,euclidean,2,11(s),89(s),123,,,,,,
124,0.9099213551119177,0.8914285714285715,9,1,uniform,ball_tree,euclidean,2,11(s),89(s),124,,,,,,
125,0.9133091349062312,0.8342857142857143,3,33,uniform,ball_tree,euclidean,3,14,93,125,,,,,,
126,0.9168784029038113,0.8914285714285715,11,3,uniform,ball_tree,euclidean,3,14,93,126,,,,,,
127,0.9099213551119177,0.9057142857142857,7,194,uniform,ball_tree,euclidean,2,31(s),63,102,127,,,,,
128,0.9133091349062312,0.8342857142857143,3,5,uniform,ball_tree,euclidean,2,31(s),63,102,128,,,,,
129,0.8960677555958864,0.8914285714285715,10,300,uniform,ball_tree,euclidean,2,31(s),63,129,,,,,,
130,0.9064125831820931,0.836190476190476,15,219,uniform,ball_tree,euclidean,2,31(s),63,130,,,,,,
131,1.0,0.78,1,32,uniform,ball_tree,euclidean,3,14,36,101,131,,,,,
132,0.8960072595281308,0.8209523809523809,2,77,uniform,ball_tree,euclidean,3,14,36,101,132,,,,,
133,1.0,0.78,1,96,uniform,ball_tree,euclidean,3,14,92,133,,,,,,
134,1.0,0.78,1,54,uniform,ball_tree,euclidean,3,14,92,134,,,,,,
135,1.0,0.7666666666666667,1,22,uniform,ball_tree,euclidean,2,11(s),34,66,109,135,,,,
136,1.0,0.7666666666666667,1,15,uniform,ball_tree,euclidean,2,11(s),34,66,109,136,,,,
137,1.0,0.7666666666666667,1,12,uniform,ball_tree,euclidean,3,13,48,86,137,,,,,
138,1.0,0.7666666666666667,1,7,uniform,ball_tree,euclidean,3,13,48,86,138,,,,,
139,1.0,0.78,1,1,uniform,ball_tree,euclidean,2,11(s),34,66,108,139,,,,
140,1.0,0.7666666666666667,1,3,uniform,ball_tree,euclidean,2,11(s),34,66,108,140,,,,
141,0.9064730792498488,0.8914285714285715,4,143,uniform,ball_tree,euclidean,2,11(s),141(s),,,,,,,
142,1.0,0.78,1,56,uniform,ball_tree,euclidean,2,11(s),142(s),,,,,,,
143,0.9029643073200242,0.9057142857142857,6,196,uniform,ball_tree,euclidean,2,11(s),143(s),,,,,,,
144,0.9029643073200242,0.9057142857142857,6,108,uniform,ball_tree,euclidean,2,31(s),64,144,,,,,,
145,1.0,0.78,1,130,uniform,ball_tree,euclidean,2,31(s),64,145,,,,,,
146,0.9099213551119177,0.8780952380952382,12,2,uniform,ball_tree,euclidean,2,11(s),89(s),146,,,,,,
147,0.8994555353901996,0.836190476190476,15,1,uniform,ball_tree,euclidean,2,11(s),89(s),147,,,,,,
148,0.9133696309739866,0.862857142857143,13,232,uniform,ball_tree,euclidean,2,31(s),63,102,148,,,,,
149,0.9133696309739868,0.8914285714285715,11,31,uniform,ball_tree,euclidean,2,31(s),63,102,149,,,,,
150,0.9133696309739868,0.8914285714285715,11,37,uniform,ball_tree,euclidean,2,31(s),63,150,,,,,,
151,0.9064125831820931,0.836190476190476,15,53,uniform,ball_tree,euclidean,2,31(s),63,151,,,,,,
152,0.8960072595281308,0.8209523809523809,2,18,uniform,ball_tree,euclidean,2,11(s),118(s),152,,,,,,
153,0.9167574107683001,0.8342857142857143,3,1,uniform,ball_tree,euclidean,2,11(s),118(s),153,,,,,,
154,0.8960072595281308,0.8209523809523809,2,91,uniform,ball_tree,euclidean,3,14,120,154,,,,,,
155,0.8682395644283123,0.7933333333333332,22,68,uniform,ball_tree,euclidean,3,14,120,155,,,,,,
156,0.9098608590441621,0.8342857142857143,3,12,uniform,ball_tree,euclidean,2,31(s),64,122,156,,,,,
157,0.9133091349062312,0.8342857142857143,3,80,uniform,ball_tree,euclidean,2,31(s),64,122,157,,,,,
158,0.895946763460375,0.836190476190476,19,2,uniform,ball_tree,euclidean,3,14,93,126,158,,,,,
159,0.895946763460375,0.836190476190476,19,1,uniform,ball_tree,euclidean,3,14,93,126,159,,,,,
160,0.9064730792498488,0.9057142857142857,8,37,uniform,ball_tree,euclidean,2,31(s),63,129,160,,,,,
161,0.9133696309739866,0.862857142857143,13,73,uniform,ball_tree,euclidean,2,31(s),63,129,161,,,,,
162,0.8960072595281308,0.8209523809523809,2,83,uniform,ball_tree,euclidean,2,11(s),116(s),162,,,,,,
163,1.0,0.78,1,62,uniform,ball_tree,euclidean,2,11(s),116(s),163,,,,,,
164,1.0,0.78,1,205,uniform,ball_tree,euclidean,3,14,92,164,,,,,,
165,1.0,0.78,1,296,uniform,ball_tree,euclidean,3,14,92,165,,,,,,
166,1.0,0.78,1,64,uniform,ball_tree,euclidean,2,11(s),34,66,109,166,,,,
167,1.0,0.7666666666666667,1,21,uniform,ball_tree,euclidean,2,11(s),34,66,109,167,,,,
168,1.0,0.78,1,63,uniform,ball_tree,euclidean,2,31(s),64,121,168,,,,,
169,1.0,0.78,1,83,uniform,ball_tree,euclidean,2,31(s),64,121,169,,,,,
170,1.0,0.78,1,1,uniform,ball_tree,euclidean,2,11(s),34,66,108,139,170.0,,,
171,1.0,0.78,1,1,uniform,ball_tree,euclidean,2,11(s),34,66,108,139,171.0,,,
172,1.0,0.7666666666666667,1,3,uniform,ball_tree,euclidean,3,13,48,86,172,,,,,
173,1.0,0.78,1,1,uniform,ball_tree,euclidean,3,13,48,86,173,,,,,
174,1.0,0.78,1,1,uniform,ball_tree,euclidean,2,11(s),34,66,108,140,174.0,,,
175,1.0,0.7666666666666667,1,4,uniform,ball_tree,euclidean,2,11(s),34,66,108,140,175.0,,,
176,0.9064730792498488,0.9057142857142857,8,182,uniform,ball_tree,euclidean,2,11(s),176(s),,,,,,,
177,0.9133091349062312,0.8342857142857143,3,7,uniform,ball_tree,euclidean,2,11(s),177(s),,,,,,,
178,0.9029643073200242,0.9057142857142857,6,101,uniform,ball_tree,euclidean,2,11(s),178(s),,,,,,,
179,0.9168784029038113,0.8914285714285715,9,40,uniform,ball_tree,euclidean,2,31(s),64,179(s),,,,,,
180,1.0,0.78,1,80,uniform,ball_tree,euclidean,2,31(s),64,180(s),,,,,,
181,0.9099213551119177,0.9057142857142857,7,166,uniform,ball_tree,euclidean,2,31(s),64,181(s),,,,,,
182,1.0,0.78,1,1,uniform,ball_tree,euclidean,2,11(s),89(s),182,,,,,,
183,0.9133696309739866,0.8914285714285715,5,2,uniform,ball_tree,euclidean,2,11(s),89(s),183,,,,,,
184,0.8960072595281308,0.8209523809523809,2,269,uniform,ball_tree,euclidean,2,11(s),143(s),184,,,,,,
185,0.9168784029038113,0.8914285714285715,9,228,uniform,ball_tree,euclidean,2,11(s),143(s),185,,,,,,
186,0.9099213551119177,0.8914285714285715,9,10,uniform,ball_tree,euclidean,2,31(s),64,144,186,,,,,
187,0.8960677555958864,0.8914285714285715,10,195,uniform,ball_tree,euclidean,2,31(s),64,144,187,,,,,
188,0.9133696309739866,0.9057142857142857,5,265,uniform,ball_tree,euclidean,2,11(s),118(s),188,,,,,,
189,0.9133696309739866,0.9057142857142857,5,147,uniform,ball_tree,euclidean,2,11(s),118(s),189,,,,,,
190,0.8681790683605565,0.8076190476190476,23,126,uniform,ball_tree,euclidean,3,14,120,190,,,,,,
191,0.8995160314579552,0.8495238095238096,14,116,uniform,ball_tree,euclidean,3,14,120,191,,,,,,
192,0.8995160314579552,0.8495238095238096,14,35,uniform,ball_tree,euclidean,2,31(s),63,102,149,192,,,,
193,0.9099213551119177,0.8914285714285715,9,10,uniform,ball_tree,euclidean,2,31(s),63,102,149,193,,,,
194,0.9064125831820931,0.836190476190476,15,146,uniform,ball_tree,euclidean,2,31(s),63,102,148,194,,,,
195,1.0,0.78,1,300,uniform,ball_tree,euclidean,2,31(s),63,102,148,195,,,,
196,0.9064730792498488,0.9057142857142857,7,1,uniform,ball_tree,euclidean,2,11(s),89(s),147,196,,,,,
197,0.8437991530550514,0.821904761904762,24,1,uniform,ball_tree,euclidean,2,11(s),89(s),147,197,,,,,
198,0.7083484573502722,0.7085714285714286,35,1,uniform,ball_tree,euclidean,3,14,93,126,158,198,,,,
199,0.8473079249848758,0.822857142857143,26,2,uniform,ball_tree,euclidean,3,14,93,126,158,199,,,,
200,0.9064730792498488,0.8914285714285715,4,1,uniform,ball_tree,euclidean,2,11(s),118(s),153,200,,,,,
201,1.0,0.78,1,1,uniform,ball_tree,euclidean,2,11(s),118(s),153,201,,,,,
202,0.9133696309739866,0.8914285714285715,5,3,uniform,ball_tree,euclidean,2,31(s),64,122,156,202,,,,
203,0.9133696309739866,0.9057142857142857,5,18,uniform,ball_tree,euclidean,2,31(s),64,122,156,203,,,,
204,0.9167574107683001,0.8342857142857143,3,1,uniform,ball_tree,euclidean,2,11(s),118(s),152,204,,,,,
205,0.8960072595281308,0.8209523809523809,2,30,uniform,ball_tree,euclidean,2,11(s),118(s),152,205,,,,,
206,0.8960072595281308,0.8209523809523809,2,141,uniform,ball_tree,euclidean,2,11(s),116(s),162,206,,,,,
207,0.8960072595281308,0.8209523809523809,2,49,uniform,ball_tree,euclidean,2,11(s),116(s),162,207,,,,,
208,0.9168784029038113,0.8914285714285715,11,3,uniform,ball_tree,euclidean,3,14,120,155,208,,,,,
209,0.7083484573502722,0.7085714285714286,35,56,uniform,ball_tree,euclidean,3,14,120,155,209,,,,,
210,1.0,0.78,1,100,uniform,ball_tree,euclidean,3,14,92,210,,,,,,
211,1.0,0.78,1,272,uniform,ball_tree,euclidean,3,14,92,211,,,,,,
212,1.0,0.78,1,41,uniform,ball_tree,euclidean,2,11(s),34,66,109,212,,,,
213,1.0,0.78,1,63,uniform,ball_tree,euclidean,2,11(s),34,66,109,213,,,,
214,1.0,0.7666666666666667,1,18,uniform,ball_tree,euclidean,2,31(s),64,121,214,,,,,
215,1.0,0.78,1,80,uniform,ball_tree,euclidean,2,31(s),64,121,215,,,,,
216,1.0,0.78,1,124,uniform,ball_tree,euclidean,3,14,92,164,216,,,,,
217,1.0,0.78,1,58,uniform,ball_tree,euclidean,3,14,92,164,217,,,,,
218,1.0,0.78,1,300,uniform,ball_tree,euclidean,3,14,92,165,218,,,,,
219,1.0,0.78,1,300,uniform,ball_tree,euclidean,3,14,92,165,219,,,,,
220,1.0,0.78,1,38,uniform,ball_tree,euclidean,2,11(s),34,66,109,166,220.0,,,
221,1.0,0.7666666666666667,1,14,uniform,ball_tree,euclidean,2,11(s),34,66,109,166,221.0,,,
222,1.0,0.78,1,125,uniform,ball_tree,euclidean,2,31(s),64,121,168,222,,,,
223,1.0,0.78,1,60,uniform,ball_tree,euclidean,2,31(s),64,121,168,223,,,,
224,1.0,0.78,1,1,uniform,ball_tree,euclidean,2,11(s),34,66,108,140,174.0,224.0,,
225,1.0,0.78,1,1,uniform,ball_tree,euclidean,2,11(s),34,66,108,140,174.0,225.0,,
226,1.0,0.7666666666666667,1,2,uniform,ball_tree,euclidean,3,13,48,86,226,,,,,
227,1.0,0.7666666666666667,1,11,uniform,ball_tree,euclidean,3,13,48,86,227,,,,,
228,0.9064730792498488,0.8914285714285715,4,117,uniform,ball_tree,euclidean,2,11(s),228(s),,,,,,,
229,0.9064730792498488,0.9057142857142857,7,23,uniform,ball_tree,euclidean,2,11(s),229(s),,,,,,,
230,0.8960072595281308,0.8209523809523809,2,128,uniform,ball_tree,euclidean,2,11(s),230(s),,,,,,,
231,0.9133696309739866,0.9057142857142857,5,300,uniform,ball_tree,euclidean,2,11(s),143(s),231(s),,,,,,
232,0.9133696309739866,0.9057142857142857,5,300,uniform,ball_tree,euclidean,2,11(s),143(s),232(s),,,,,,
233,0.9133091349062312,0.8342857142857143,3,229,uniform,ball_tree,euclidean,2,11(s),143(s),233(s),,,,,,
234,1.0,0.78,1,200,uniform,ball_tree,euclidean,2,31(s),64,144,234,,,,,
235,0.9133696309739868,0.8914285714285715,11,57,uniform,ball_tree,euclidean,2,31(s),64,144,235,,,,,
236,0.8994555353901996,0.8209523809523809,2,13,uniform,ball_tree,euclidean,2,11(s),178(s),236,,,,,,
237,0.9168784029038113,0.8914285714285715,9,134,uniform,ball_tree,euclidean,2,11(s),178(s),237,,,,,,
238,1.0,0.78,1,98,uniform,ball_tree,euclidean,2,11(s),118(s),188,238,,,,,
239,1.0,0.7666666666666667,1,7,uniform,ball_tree,euclidean,2,11(s),118(s),188,239,,,,,
240,0.9064730792498488,0.9057142857142857,8,1,uniform,ball_tree,euclidean,2,11(s),89(s),147,196,240,,,,
241,0.9064730792498488,0.9057142857142857,7,1,uniform,ball_tree,euclidean,2,11(s),89(s),147,196,241,,,,
242,0.9064730792498488,0.9057142857142857,8,11,uniform,ball_tree,euclidean,2,31(s),63,102,149,242,,,,
243,0.9064125831820931,0.836190476190476,15,8,uniform,ball_tree,euclidean,2,31(s),63,102,149,243,,,,
244,0.9064730792498488,0.9057142857142857,7,1,uniform,ball_tree,euclidean,2,11(s),118(s),153,200,244,,,,
245,1.0,0.78,1,1,uniform,ball_tree,euclidean,2,11(s),118(s),153,200,245,,,,
246,1.0,0.78,1,1,uniform,ball_tree,euclidean,2,31(s),64,122,156,202,246.0,,,
247,0.9064730792498488,0.8914285714285715,4,3,uniform,ball_tree,euclidean,2,31(s),64,122,156,202,247.0,,,
248,0.8471869328493649,0.8076190476190476,25,153,uniform,ball_tree,euclidean,3,14,120,191,248,,,,,
249,0.8368421052631578,0.821904761904762,27,189,uniform,ball_tree,euclidean,3,14,120,191,249,,,,,
250,0.9168784029038113,0.8914285714285715,11,2,uniform,ball_tree,euclidean,3,14,93,126,158,199,250.0,,,
251,0.9167574107683001,0.8342857142857143,3,1,uniform,ball_tree,euclidean,3,14,93,126,158,199,251.0,,,
252,0.8960072595281308,0.8209523809523809,2,29,uniform,ball_tree,euclidean,2,11(s),118(s),152,252,,,,,
253,0.8925589836660617,0.8209523809523809,2,2,uniform,ball_tree,euclidean,2,11(s),118(s),152,253,,,,,
254,1.0,0.7666666666666667,1,16,uniform,ball_tree,euclidean,2,11(s),116(s),162,254,,,,,
255,1.0,0.78,1,74,uniform,ball_tree,euclidean,2,11(s),116(s),162,255,,,,,
256,1.0,0.78,1,94,uniform,ball_tree,euclidean,2,11(s),116(s),162,207,256,,,,
257,0.8960072595281308,0.8209523809523809,2,63,uniform,ball_tree,euclidean,2,11(s),116(s),162,207,257,,,,
258,1.0,0.7666666666666667,1,26,uniform,ball_tree,euclidean,2,11(s),34,66,109,258,,,,
259,1.0,0.78,1,39,uniform,ball_tree,euclidean,2,11(s),34,66,109,259,,,,
260,1.0,0.78,1,300,uniform,ball_tree,euclidean,3,14,92,164,260,,,,,
261,1.0,0.78,1,154,uniform,ball_tree,euclidean,3,14,92,164,261,,,,,
262,1.0,0.78,1,1,uniform,ball_tree,euclidean,2,11(s),34,66,108,140,174.0,262.0,,
263,1.0,0.78,1,1,uniform,ball_tree,euclidean,2,11(s),34,66,108,140,174.0,263.0,,
264,1.0,0.78,1,1,uniform,ball_tree,euclidean,2,11(s),118(s),153,201,264,,,,
265,1.0,0.78,1,1,uniform,ball_tree,euclidean,2,11(s),118(s),153,201,265,,,,
266,1.0,0.78,1,300,uniform,ball_tree,euclidean,3,14,92,211,266,,,,,
267,1.0,0.78,1,38,uniform,ball_tree,euclidean,3,14,92,211,267,,,,,
268,1.0,0.78,1,105,uniform,ball_tree,euclidean,3,14,92,164,217,268,,,,
269,1.0,0.78,1,54,uniform,ball_tree,euclidean,3,14,92,164,217,269,,,,
270,1.0,0.78,1,277,uniform,ball_tree,euclidean,3,14,92,165,219,270,,,,
271,1.0,0.78,1,218,uniform,ball_tree,euclidean,3,14,92,165,219,271,,,,
272,1.0,0.78,1,73,uniform,ball_tree,euclidean,2,11(s),34,66,109,166,220.0,272.0,,
273,1.0,0.78,1,36,uniform,ball_tree,euclidean,2,11(s),34,66,109,166,220.0,273.0,,
274,1.0,0.7666666666666667,1,16,uniform,ball_tree,euclidean,2,31(s),64,121,168,222,274.0,,,
275,1.0,0.78,1,209,uniform,ball_tree,euclidean,2,31(s),64,121,168,222,275.0,,,
276,1.0,0.7666666666666667,1,18,uniform,ball_tree,euclidean,2,31(s),64,121,214,276,,,,
277,1.0,0.7666666666666667,1,20,uniform,ball_tree,euclidean,2,31(s),64,121,214,277,,,,
278,1.0,0.7666666666666667,1,6,uniform,ball_tree,euclidean,2,11(s),34,66,109,166,221.0,278.0,,
279,1.0,0.78,1,1,uniform,ball_tree,euclidean,2,11(s),34,66,109,166,221.0,279.0,,
280,1.0,0.7666666666666667,1,3,uniform,ball_tree,euclidean,3,13,48,86,226,280,,,,
281,1.0,0.78,1,1,uniform,ball_tree,euclidean,3,13,48,86,226,281,,,,
282,0.7083484573502722,0.7085714285714286,42,1,uniform,ball_tree,euclidean,3,14,93,126,158,198,282.0,,,
283,0.8473079249848758,0.821904761904762,27,1,uniform,ball_tree,euclidean,3,14,93,126,158,198,283.0,,,
284,0.9133091349062312,0.8342857142857143,3,80,uniform,ball_tree,euclidean,2,11(s),284(s),,,,,,,
285,0.9133696309739866,0.9057142857142857,5,265,uniform,ball_tree,euclidean,2,11(s),285(s),,,,,,,
286,0.9029643073200242,0.9057142857142857,6,101,uniform,ball_tree,euclidean,2,11(s),286(s),,,,,,,
287,0.9064730792498488,0.8914285714285715,4,65,uniform,ball_tree,euclidean,2,11(s),143(s),287(s),,,,,,
288,0.9133696309739868,0.8914285714285715,11,143,uniform,ball_tree,euclidean,2,11(s),143(s),288(s),,,,,,
289,0.9029643073200242,0.9057142857142857,6,300,uniform,ball_tree,euclidean,2,11(s),143(s),289(s),,,,,,
290,0.9133696309739868,0.8914285714285715,11,44,uniform,ball_tree,euclidean,2,31(s),64,144,290,,,,,
291,0.8960677555958864,0.8914285714285715,10,188,uniform,ball_tree,euclidean,2,31(s),64,144,291,,,,,
292,0.9133091349062312,0.8342857142857143,3,193,uniform,ball_tree,euclidean,2,11(s),178(s),292,,,,,,
293,0.9168784029038113,0.8914285714285715,9,123,uniform,ball_tree,euclidean,2,11(s),178(s),293,,,,,,
294,1.0,0.78,1,300,uniform,ball_tree,euclidean,2,11(s),118(s),188,294,,,,,
295,1.0,0.78,1,300,uniform,ball_tree,euclidean,2,11(s),118(s),188,295,,,,,
296,0.9099213551119177,0.8914285714285715,9,1,uniform,ball_tree,euclidean,2,11(s),89(s),147,196,296,,,,
297,0.9099213551119177,0.8914285714285715,9,1,uniform,ball_tree,euclidean,2,11(s),89(s),147,196,297,,,,
298,0.9168784029038113,0.8771428571428572,11,22,uniform,ball_tree,euclidean,2,11(s),229(s),298,,,,,,
299,0.9099213551119177,0.9057142857142857,7,42,uniform,ball_tree,euclidean,2,11(s),229(s),299,,,,,,
300,0.9064730792498488,0.9057142857142857,8,62,uniform,ball_tree,euclidean,2,11(s),143(s),231(s),300,,,,,
301,1.0,0.78,1,70,uniform,ball_tree,euclidean,2,11(s),143(s),231(s),301,,,,,
302,0.9099213551119177,0.8638095238095238,12,5,uniform,ball_tree,euclidean,2,31(s),63,102,149,243,302.0,,,
303,0.8647307924984876,0.7933333333333332,22,9,uniform,ball_tree,euclidean,2,31(s),63,102,149,243,303.0,,,
304,0.9167574107683001,0.8342857142857143,3,1,uniform,ball_tree,euclidean,2,11(s),118(s),152,253,304,,,,
305,1.0,0.78,1,1,uniform,ball_tree,euclidean,2,11(s),118(s),152,253,305,,,,
306,1.0,0.78,1,74,uniform,ball_tree,euclidean,2,11(s),116(s),162,207,257,306.0,,,
307,1.0,0.78,1,58,uniform,ball_tree,euclidean,2,11(s),116(s),162,207,257,307.0,,,
308,0.7083484573502722,0.7085714285714286,47,66,uniform,ball_tree,euclidean,3,14,120,191,248,308,,,,
309,0.7083484573502722,0.7085714285714286,47,42,uniform,ball_tree,euclidean,3,14,120,191,248,309,,,,
310,1.0,0.78,1,300,uniform,ball_tree,euclidean,3,14,92,211,310,,,,,
311,1.0,0.78,1,300,uniform,ball_tree,euclidean,3,14,92,211,311,,,,,
312,1.0,0.78,1,141,uniform,ball_tree,euclidean,2,31(s),64,121,168,222,312.0,,,
313,1.0,0.78,1,48,uniform,ball_tree,euclidean,2,31(s),64,121,168,222,313.0,,,
314,1.0,0.78,1,1,uniform,ball_tree,euclidean,2,31(s),64,122,156,202,246.0,314.0,,
315,1.0,0.78,1,1,uniform,ball_tree,euclidean,2,31(s),64,122,156,202,246.0,315.0,,
316,1.0,0.7666666666666667,1,26,uniform,ball_tree,euclidean,2,11(s),116(s),162,255,316,,,,
317,1.0,0.78,1,87,uniform,ball_tree,euclidean,2,11(s),116(s),162,255,317,,,,
318,1.0,0.78,1,60,uniform,ball_tree,euclidean,2,11(s),34,66,109,259,318.0,,,
319,1.0,0.7666666666666667,1,17,uniform,ball_tree,euclidean,2,11(s),34,66,109,259,319.0,,,
320,1.0,0.7666666666666667,1,12,uniform,ball_tree,euclidean,3,14,92,211,266,320,,,,
321,1.0,0.78,1,63,uniform,ball_tree,euclidean,3,14,92,211,266,321,,,,
322,1.0,0.78,1,1,uniform,ball_tree,euclidean,3,13,48,86,226,322,,,,
323,1.0,0.78,1,1,uniform,ball_tree,euclidean,3,13,48,86,226,323,,,,
324,1.0,0.7666666666666667,1,24,uniform,ball_tree,euclidean,2,11(s),116(s),162,254,324,,,,
325,1.0,0.7666666666666667,1,15,uniform,ball_tree,euclidean,2,11(s),116(s),162,254,325,,,,
326,0.9168784029038113,0.8914285714285715,9,154,uniform,ball_tree,euclidean,2,11(s),143(s),326(s),,,,,,
327,0.9133696309739868,0.8914285714285715,11,268,uniform,ball_tree,euclidean,2,11(s),143(s),327(s),,,,,,
328,0.9133696309739866,0.9057142857142857,5,300,uniform,ball_tree,euclidean,2,11(s),143(s),328(s),,,,,,
329,0.9168784029038113,0.8914285714285715,9,161,uniform,ball_tree,euclidean,2,31(s),64,144,329(s),,,,,
330,0.9029643073200242,0.9057142857142857,6,98,uniform,ball_tree,euclidean,2,31(s),64,144,330(s),,,,,
331,0.9064730792498488,0.9057142857142857,8,67,uniform,ball_tree,euclidean,2,31(s),64,144,331(s),,,,,
332,1.0,0.78,1,119,uniform,ball_tree,euclidean,2,11(s),178(s),332,,,,,,
333,0.9133696309739868,0.8914285714285715,11,50,uniform,ball_tree,euclidean,2,11(s),178(s),333,,,,,,
334,0.9133091349062312,0.8342857142857143,3,111,uniform,ball_tree,euclidean,2,11(s),118(s),188,334,,,,,
335,1.0,0.78,1,238,uniform,ball_tree,euclidean,2,11(s),118(s),188,335,,,,,
336,0.8995160314579552,0.9057142857142857,6,1,uniform,ball_tree,euclidean,2,11(s),89(s),147,196,336,,,,
337,0.8960072595281308,0.8209523809523809,2,1,uniform,ball_tree,euclidean,2,11(s),89(s),147,196,337,,,,
338,0.9064730792498488,0.9057142857142857,8,27,uniform,ball_tree,euclidean,2,11(s),143(s),289(s),338,,,,,
339,0.8960677555958864,0.8914285714285715,10,229,uniform,ball_tree,euclidean,2,11(s),143(s),289(s),339,,,,,
340,1.0,0.78,1,61,uniform,ball_tree,euclidean,2,11(s),229(s),299,340,,,,,
341,0.9029643073200242,0.8914285714285715,12,45,uniform,ball_tree,euclidean,2,11(s),229(s),299,341,,,,,
342,0.9133696309739868,0.8914285714285715,11,40,uniform,ball_tree,euclidean,2,11(s),143(s),231(s),300,342,,,,
343,0.9064125831820931,0.836190476190476,15,97,uniform,ball_tree,euclidean,2,11(s),143(s),231(s),300,343,,,,
344,0.8960072595281308,0.8209523809523809,2,64,uniform,ball_tree,euclidean,2,11(s),143(s),287(s),344,,,,,
345,0.9167574107683001,0.8342857142857143,3,25,uniform,ball_tree,euclidean,2,11(s),143(s),287(s),345,,,,,
346,0.9099213551119177,0.8914285714285715,10,1,uniform,ball_tree,euclidean,2,11(s),89(s),147,196,296,346.0,,,
347,0.9029643073200242,0.836190476190476,16,1,uniform,ball_tree,euclidean,2,11(s),89(s),147,196,296,347.0,,,
348,0.8960072595281308,0.8209523809523809,2,1,uniform,ball_tree,euclidean,2,11(s),89(s),147,196,297,348.0,,,
349,0.9099213551119177,0.8638095238095238,12,1,uniform,ball_tree,euclidean,2,11(s),89(s),147,196,297,349.0,,,
350,0.8995160314579552,0.836190476190476,16,9,uniform,ball_tree,euclidean,2,31(s),63,102,149,243,302.0,350.0,,
351,0.9064730792498488,0.9057142857142857,8,1,uniform,ball_tree,euclidean,2,31(s),63,102,149,243,302.0,351.0,,
352,0.9064730792498488,0.8914285714285715,4,300,uniform,ball_tree,euclidean,2,11(s),178(s),292,352,,,,,
353,0.9064730792498488,0.8914285714285715,4,300,uniform,ball_tree,euclidean,2,11(s),178(s),292,353,,,,,
354,0.9167574107683001,0.8342857142857143,3,1,uniform,ball_tree,euclidean,2,11(s),118(s),152,253,304,354.0,,,
355,0.9133696309739866,0.8914285714285715,5,1,uniform,ball_tree,euclidean,2,11(s),118(s),152,253,304,355.0,,,
356,0.8994555353901996,0.836190476190476,16,267,uniform,ball_tree,euclidean,3,14,120,191,248,356,,,,
357,0.8994555353901996,0.836190476190476,19,100,uniform,ball_tree,euclidean,3,14,120,191,248,357,,,,
358,0.9168784029038113,0.8771428571428572,11,17,uniform,ball_tree,euclidean,2,31(s),63,102,149,243,303.0,358.0,,
359,0.9133696309739866,0.9057142857142857,5,6,uniform,ball_tree,euclidean,2,31(s),63,102,149,243,303.0,359.0,,
360,1.0,0.78,1,55,uniform,ball_tree,euclidean,2,11(s),116(s),162,255,360,,,,
361,1.0,0.78,1,82,uniform,ball_tree,euclidean,2,11(s),116(s),162,255,361,,,,
362,1.0,0.78,1,99,uniform,ball_tree,euclidean,2,11(s),118(s),188,294,362,,,,
363,1.0,0.78,1,203,uniform,ball_tree,euclidean,2,11(s),118(s),188,294,363,,,,
364,1.0,0.78,1,116,uniform,ball_tree,euclidean,2,11(s),143(s),231(s),301,364,,,,
365,1.0,0.78,1,99,uniform,ball_tree,euclidean,2,11(s),143(s),231(s),301,365,,,,
366,1.0,0.78,1,233,uniform,ball_tree,euclidean,2,31(s),64,121,168,222,312.0,366.0,,
367,1.0,0.78,1,149,uniform,ball_tree,euclidean,2,31(s),64,121,168,222,312.0,367.0,,
368,1.0,0.78,1,94,uniform,ball_tree,euclidean,2,31(s),64,121,168,222,313.0,368.0,,
369,1.0,0.78,1,77,uniform,ball_tree,euclidean,2,31(s),64,121,168,222,313.0,369.0,,
370,1.0,0.78,1,159,uniform,ball_tree,euclidean,2,11(s),116(s),162,255,317,370.0,,,
371,1.0,0.7666666666666667,1,20,uniform,ball_tree,euclidean,2,11(s),116(s),162,255,317,371.0,,,
372,1.0,0.7666666666666667,1,8,uniform,ball_tree,euclidean,2,11(s),116(s),162,254,372,,,,
373,1.0,0.7666666666666667,1,28,uniform,ball_tree,euclidean,2,11(s),116(s),162,254,373,,,,
374,1.0,0.7666666666666667,1,26,uniform,ball_tree,euclidean,2,11(s),116(s),162,255,316,374.0,,,
375,1.0,0.7666666666666667,1,7,uniform,ball_tree,euclidean,2,11(s),116(s),162,255,316,375.0,,,
376,1.0,0.7666666666666667,1,3,uniform,ball_tree,euclidean,2,11(s),34,66,109,259,319.0,376.0,,
377,1.0,0.7666666666666667,1,8,uniform,ball_tree,euclidean,2,11(s),34,66,109,259,319.0,377.0,,
378,0.8368421052631578,0.821904761904762,27,63,uniform,ball_tree,euclidean,3,14,120,191,248,308,378.0,,,
379,0.8333333333333333,0.836190476190476,29,79,uniform,ball_tree,euclidean,3,14,120,191,248,308,379.0,,,
380,0.9064125831820931,0.836190476190476,15,41,uniform,ball_tree,euclidean,3,14,120,191,248,309,380.0,,,
381,0.7083484573502722,0.7085714285714286,34,6,uniform,ball_tree,euclidean,3,14,120,191,248,309,381.0,,,
382,0.9133696309739868,0.8914285714285715,11,72,uniform,ball_tree,euclidean,2,11(s),143(s),382(s),,,,,,
383,0.9064730792498488,0.9057142857142857,8,300,uniform,ball_tree,euclidean,2,11(s),143(s),383(s),,,,,,
384,0.9133091349062312,0.8342857142857143,3,176,uniform,ball_tree,euclidean,2,11(s),143(s),384(s),,,,,,
385,0.8995160314579552,0.9057142857142857,6,7,uniform,ball_tree,euclidean,2,11(s),178(s),385(s),,,,,,
386,1.0,0.78,1,46,uniform,ball_tree,euclidean,2,11(s),178(s),386(s),,,,,,
387,0.9064730792498488,0.9057142857142857,8,118,uniform,ball_tree,euclidean,2,11(s),178(s),387(s),,,,,,
388,0.9133091349062312,0.8342857142857143,3,300,uniform,ball_tree,euclidean,2,11(s),118(s),188,388(s),,,,,
389,0.9099213551119177,0.9057142857142857,7,295,uniform,ball_tree,euclidean,2,11(s),118(s),188,389(s),,,,,
390,0.9064730792498488,0.8914285714285715,4,266,uniform,ball_tree,euclidean,2,11(s),118(s),188,390(s),,,,,
391,0.9064730792498488,0.8914285714285715,4,1,uniform,ball_tree,euclidean,2,11(s),89(s),147,196,391(s),,,,
392,1.0,0.78,1,1,uniform,ball_tree,euclidean,2,11(s),89(s),147,196,392(s),,,,
393,1.0,0.78,1,1,uniform,ball_tree,euclidean,2,11(s),89(s),147,196,393(s),,,,
394,0.9029643073200242,0.9057142857142857,6,89,uniform,ball_tree,euclidean,2,11(s),143(s),289(s),394,,,,,
395,0.9168784029038113,0.8914285714285715,9,109,uniform,ball_tree,euclidean,2,11(s),143(s),289(s),395,,,,,
396,0.9064730792498488,0.9057142857142857,8,43,uniform,ball_tree,euclidean,2,11(s),143(s),231(s),300,396,,,,
397,1.0,0.78,1,74,uniform,ball_tree,euclidean,2,11(s),143(s),231(s),300,397,,,,
398,0.9064125831820931,0.836190476190476,15,69,uniform,ball_tree,euclidean,2,31(s),64,144,331(s),398,,,,
399,0.8960072595281308,0.8209523809523809,2,103,uniform,ball_tree,euclidean,2,31(s),64,144,331(s),399,,,,
400,0.9099213551119177,0.8914285714285715,9,1,uniform,ball_tree,euclidean,2,31(s),63,102,149,243,302.0,351.0,400.0,
401,0.9098608590441621,0.862857142857143,13,1,uniform,ball_tree,euclidean,2,31(s),63,102,149,243,302.0,351.0,401.0,
402,0.9133696309739866,0.9057142857142857,5,58,uniform,ball_tree,euclidean,2,11(s),143(s),287(s),402,,,,,
403,0.9064730792498488,0.8914285714285715,4,116,uniform,ball_tree,euclidean,2,11(s),143(s),287(s),403,,,,,
404,0.8960072595281308,0.8209523809523809,2,1,uniform,ball_tree,euclidean,2,11(s),89(s),147,196,296,404.0,,,
405,0.9029643073200242,0.836190476190476,16,1,uniform,ball_tree,euclidean,2,11(s),89(s),147,196,296,405.0,,,
406,0.9029643073200242,0.9057142857142857,6,81,uniform,ball_tree,euclidean,2,11(s),143(s),326(s),406,,,,,
407,0.9133696309739866,0.862857142857143,13,139,uniform,ball_tree,euclidean,2,11(s),143(s),326(s),407,,,,,
408,0.8995160314579552,0.8495238095238096,14,300,uniform,ball_tree,euclidean,2,11(s),143(s),327(s),408,,,,,
409,0.9064730792498488,0.8914285714285715,4,191,uniform,ball_tree,euclidean,2,11(s),143(s),327(s),409,,,,,
410,0.9133696309739868,0.8914285714285715,11,69,uniform,ball_tree,euclidean,2,11(s),229(s),299,341,410,,,,
411,0.9168784029038113,0.8914285714285715,11,12,uniform,ball_tree,euclidean,2,11(s),229(s),299,341,411,,,,
412,0.9168784029038113,0.8771428571428572,11,24,uniform,ball_tree,euclidean,2,11(s),143(s),231(s),300,342,412.0,,,
413,0.9064125831820931,0.836190476190476,15,48,uniform,ball_tree,euclidean,2,11(s),143(s),231(s),300,342,413.0,,,
414,1.0,0.78,1,74,uniform,ball_tree,euclidean,2,11(s),178(s),292,352,414,,,,
415,0.8960072595281308,0.8209523809523809,2,71,uniform,ball_tree,euclidean,2,11(s),178(s),292,352,415,,,,
416,1.0,0.78,1,1,uniform,ball_tree,euclidean,2,11(s),89(s),147,196,297,349.0,416.0,,
417,0.8681790683605565,0.8076190476190476,23,1,uniform,ball_tree,euclidean,2,11(s),89(s),147,196,297,349.0,417.0,,
418,0.8820931639443435,0.8219047619047618,20,6,uniform,ball_tree,euclidean,2,31(s),63,102,149,243,302.0,350.0,418.0,
419,0.9064730792498488,0.9057142857142857,8,2,uniform,ball_tree,euclidean,2,31(s),63,102,149,243,302.0,350.0,419.0,
420,0.9064730792498488,0.9057142857142857,8,69,uniform,ball_tree,euclidean,3,14,120,191,248,357,420.0,,,
421,0.8821536600120993,0.8219047619047618,20,152,uniform,ball_tree,euclidean,3,14,120,191,248,357,421.0,,,
422,0.8821536600120993,0.8219047619047618,20,124,uniform,ball_tree,euclidean,3,14,120,191,248,308,379.0,422.0,,
423,0.7083484573502722,0.7085714285714286,38,124,uniform,ball_tree,euclidean,3,14,120,191,248,308,379.0,423.0,,
424,0.8194192377495462,0.836190476190476,28,12,uniform,ball_tree,euclidean,3,14,120,191,248,309,380.0,424.0,,
425,0.8960072595281308,0.8209523809523809,2,28,uniform,ball_tree,euclidean,3,14,120,191,248,309,380.0,425.0,,
426,0.9064730792498488,0.8914285714285715,4,1,uniform,ball_tree,euclidean,2,11(s),118(s),152,253,304,426.0,,,
427,1.0,0.78,1,1,uniform,ball_tree,euclidean,2,11(s),118(s),152,253,304,427.0,,,
428,0.9133091349062312,0.8342857142857143,3,5,uniform,ball_tree,euclidean,2,11(s),118(s),188,334,428,,,,
429,0.9133696309739866,0.9057142857142857,5,112,uniform,ball_tree,euclidean,2,11(s),118(s),188,334,429,,,,
430,0.9133696309739866,0.8914285714285715,5,1,uniform,ball_tree,euclidean,2,11(s),118(s),152,253,304,354.0,430.0,,
431,1.0,0.78,1,1,uniform,ball_tree,euclidean,2,11(s),118(s),152,253,304,354.0,431.0,,
432,0.8960677555958864,0.8914285714285715,10,76,uniform,ball_tree,euclidean,3,14,120,191,248,308,378.0,432.0,,
433,0.9133696309739866,0.862857142857143,13,59,uniform,ball_tree,euclidean,3,14,120,191,248,308,378.0,433.0,,
434,0.9167574107683001,0.8342857142857143,3,1,uniform,ball_tree,euclidean,2,11(s),89(s),147,196,337,434.0,,,
435,1.0,0.78,1,1,uniform,ball_tree,euclidean,2,11(s),89(s),147,196,337,435.0,,,
436,1.0,0.78,1,1,uniform,ball_tree,euclidean,2,11(s),89(s),147,196,297,348.0,436.0,,
437,1.0,0.78,1,1,uniform,ball_tree,euclidean,2,11(s),89(s),147,196,297,348.0,437.0,,
438,1.0,0.7666666666666667,1,19,uniform,ball_tree,euclidean,2,11(s),116(s),162,255,438,,,,
439,1.0,0.78,1,67,uniform,ball_tree,euclidean,2,11(s),116(s),162,255,439,,,,
440,1.0,0.78,1,121,uniform,ball_tree,euclidean,2,11(s),143(s),231(s),301,440,,,,
441,1.0,0.78,1,106,uniform,ball_tree,euclidean,2,11(s),143(s),231(s),301,441,,,,
442,1.0,0.78,1,45,uniform,ball_tree,euclidean,2,31(s),64,121,168,222,313.0,442.0,,
443,1.0,0.78,1,64,uniform,ball_tree,euclidean,2,31(s),64,121,168,222,313.0,443.0,,
444,1.0,0.78,1,114,uniform,ball_tree,euclidean,2,11(s),116(s),162,255,317,444.0,,,
445,1.0,0.78,1,146,uniform,ball_tree,euclidean,2,11(s),116(s),162,255,317,445.0,,,
446,1.0,0.78,1,36,uniform,ball_tree,euclidean,2,11(s),116(s),162,255,361,446.0,,,
447,1.0,0.78,1,160,uniform,ball_tree,euclidean,2,11(s),116(s),162,255,361,447.0,,,
448,1.0,0.78,1,85,uniform,ball_tree,euclidean,2,11(s),118(s),188,294,362,448.0,,,
449,1.0,0.78,1,80,uniform,ball_tree,euclidean,2,11(s),118(s),188,294,362,449.0,,,
450,1.0,0.78,1,48,uniform,ball_tree,euclidean,2,11(s),118(s),188,294,363,450.0,,,
451,1.0,0.7666666666666667,1,19,uniform,ball_tree,euclidean,2,11(s),118(s),188,294,363,451.0,,,
452,1.0,0.78,1,38,uniform,ball_tree,euclidean,2,11(s),143(s),231(s),301,365,452.0,,,
453,1.0,0.78,1,106,uniform,ball_tree,euclidean,2,11(s),143(s),231(s),301,365,453.0,,,
454,1.0,0.78,1,51,uniform,ball_tree,euclidean,2,31(s),64,121,168,222,313.0,369.0,454.0,
455,1.0,0.78,1,97,uniform,ball_tree,euclidean,2,31(s),64,121,168,222,313.0,369.0,455.0,
456,1.0,0.7666666666666667,1,20,uniform,ball_tree,euclidean,2,11(s),116(s),162,254,456,,,,
457,1.0,0.7666666666666667,1,28,uniform,ball_tree,euclidean,2,11(s),116(s),162,254,457,,,,
458,1.0,0.7666666666666667,1,20,uniform,ball_tree,euclidean,2,11(s),34,66,109,259,319.0,458.0,,
459,1.0,0.7666666666666667,1,18,uniform,ball_tree,euclidean,2,11(s),34,66,109,259,319.0,459.0,,
460,1.0,0.7666666666666667,1,12,uniform,ball_tree,euclidean,2,11(s),116(s),162,255,316,375.0,460.0,,
461,1.0,0.7666666666666667,1,11,uniform,ball_tree,euclidean,2,11(s),116(s),162,255,316,375.0,461.0,,
462,0.8821536600120993,0.8219047619047618,20,121,uniform,ball_tree,euclidean,3,14,120,191,248,308,462.0,,,
463,0.8471869328493649,0.8076190476190476,25,29,uniform,ball_tree,euclidean,3,14,120,191,248,308,463.0,,,
464,0.7083484573502722,0.7085714285714286,50,12,uniform,ball_tree,euclidean,3,14,120,191,248,309,464.0,,,
465,0.7083484573502722,0.7085714285714286,50,29,uniform,ball_tree,euclidean,3,14,120,191,248,309,465.0,,,
466,0.7083484573502722,0.7085714285714286,44,5,uniform,ball_tree,euclidean,3,14,120,191,248,309,381.0,466.0,,
467,0.7434361766485178,0.7361904761904763,33,6,uniform,ball_tree,euclidean,3,14,120,191,248,309,381.0,467.0,,
468,0.9133696309739868,0.8914285714285715,11,300,uniform,ball_tree,euclidean,2,11(s),143(s),468(s),,,,,,
469,1.0,0.78,1,55,uniform,ball_tree,euclidean,2,11(s),143(s),469(s),,,,,,
470,0.9133091349062312,0.8342857142857143,3,201,uniform,ball_tree,euclidean,2,11(s),143(s),470(s),,,,,,
471,0.9064730792498488,0.8914285714285715,4,12,uniform,ball_tree,euclidean,2,11(s),178(s),471(s),,,,,,
472,0.9064730792498488,0.8914285714285715,4,198,uniform,ball_tree,euclidean,2,11(s),178(s),472(s),,,,,,
473,1.0,0.78,1,101,uniform,ball_tree,euclidean,2,11(s),178(s),473(s),,,,,,
474,0.8960072595281308,0.8209523809523809,2,300,uniform,ball_tree,euclidean,2,11(s),118(s),188,474(s),,,,,
475,0.9168784029038113,0.8914285714285715,9,264,uniform,ball_tree,euclidean,2,11(s),118(s),188,475(s),,,,,
476,0.9133091349062312,0.8342857142857143,3,300,uniform,ball_tree,euclidean,2,11(s),118(s),188,476(s),,,,,
477,0.9099213551119177,0.8638095238095238,12,1,uniform,ball_tree,euclidean,2,11(s),89(s),147,196,477,,,,
478,0.9064730792498488,0.9057142857142857,7,1,uniform,ball_tree,euclidean,2,11(s),89(s),147,196,478,,,,
479,0.9133696309739866,0.9057142857142857,5,260,uniform,ball_tree,euclidean,2,11(s),143(s),289(s),479,,,,,
480,0.9064730792498488,0.9057142857142857,8,229,uniform,ball_tree,euclidean,2,11(s),143(s),289(s),480,,,,,
481,0.8995160314579552,0.8495238095238096,14,45,uniform,ball_tree,euclidean,2,11(s),143(s),231(s),300,481,,,,
482,0.9133696309739866,0.862857142857143,13,120,uniform,ball_tree,euclidean,2,11(s),143(s),231(s),300,482,,,,
483,0.9064125831820931,0.836190476190476,15,41,uniform,ball_tree,euclidean,2,31(s),64,144,331(s),483,,,,
484,0.9064730792498488,0.8914285714285715,4,107,uniform,ball_tree,euclidean,2,31(s),64,144,331(s),484,,,,
485,0.9064730792498488,0.9057142857142857,8,1,uniform,ball_tree,euclidean,2,31(s),63,102,149,243,302.0,351.0,485.0,
486,1.0,0.78,1,1,uniform,ball_tree,euclidean,2,31(s),63,102,149,243,302.0,351.0,486.0,
487,0.9133696309739868,0.8914285714285715,11,266,uniform,ball_tree,euclidean,2,11(s),143(s),383(s),487,,,,,
488,0.9064125831820931,0.836190476190476,15,235,uniform,ball_tree,euclidean,2,11(s),143(s),383(s),488,,,,,
489,0.9168784029038113,0.8914285714285715,11,10,uniform,ball_tree,euclidean,2,11(s),178(s),385(s),489,,,,,
490,0.9133696309739866,0.8914285714285715,5,10,uniform,ball_tree,euclidean,2,11(s),178(s),385(s),490,,,,,
491,0.9064730792498488,0.9057142857142857,8,176,uniform,ball_tree,euclidean,2,11(s),178(s),387(s),491,,,,,
492,0.9133696309739866,0.9057142857142857,5,134,uniform,ball_tree,euclidean,2,11(s),178(s),387(s),492,,,,,
493,0.9029643073200242,0.8914285714285715,12,150,uniform,ball_tree,euclidean,2,11(s),118(s),188,389(s),493,,,,
494,1.0,0.78,1,300,uniform,ball_tree,euclidean,2,11(s),118(s),188,389(s),494,,,,
495,0.9099213551119177,0.9057142857142857,7,75,uniform,ball_tree,euclidean,2,11(s),143(s),289(s),394,495,,,,
496,0.9133696309739866,0.9057142857142857,5,106,uniform,ball_tree,euclidean,2,11(s),143(s),289(s),394,496,,,,
497,0.9064730792498488,0.8914285714285715,4,71,uniform,ball_tree,euclidean,2,11(s),143(s),231(s),300,396,497.0,,,
498,0.8995160314579552,0.8495238095238096,14,67,uniform,ball_tree,euclidean,2,11(s),143(s),231(s),300,396,498.0,,,
499,0.9030248033877799,0.9057142857142857,7,5,uniform,ball_tree,euclidean,2,11(s),143(s),287(s),402,499,,,,
500,1.0,0.78,1,87,uniform,ball_tree,euclidean,2,11(s),143(s),287(s),402,500,,,,
501,0.9133696309739866,0.9057142857142857,5,19,uniform,ball_tree,euclidean,3,14,120,191,248,357,420.0,501.0,,
502,0.9064125831820931,0.836190476190476,15,44,uniform,ball_tree,euclidean,3,14,120,191,248,357,420.0,502.0,,
503,1.0,0.78,1,114,uniform,ball_tree,euclidean,2,11(s),143(s),327(s),503,,,,,
504,1.0,0.78,1,300,uniform,ball_tree,euclidean,2,11(s),143(s),327(s),504,,,,,
505,0.9064125831820931,0.8495238095238096,14,22,uniform,ball_tree,euclidean,2,11(s),229(s),299,341,505,,,,
506,0.8995160314579552,0.8495238095238096,14,68,uniform,ball_tree,euclidean,2,11(s),229(s),299,341,506,,,,
507,0.8889897156684816,0.8352380952380953,21,20,uniform,ball_tree,euclidean,2,11(s),143(s),382(s),507,,,,,
508,0.8889897156684816,0.8352380952380953,21,23,uniform,ball_tree,euclidean,2,11(s),143(s),382(s),508,,,,,
509,0.9029643073200242,0.8914285714285715,12,122,uniform,ball_tree,euclidean,3,14,120,191,248,308,378.0,432.0,509.0,
510,0.8960072595281308,0.836190476190476,18,44,uniform,ball_tree,euclidean,3,14,120,191,248,308,378.0,432.0,510.0,
511,0.9133696309739866,0.9057142857142857,5,18,uniform,ball_tree,euclidean,3,14,120,191,248,308,379.0,511.0,,
512,0.7950998185117968,0.8085714285714285,30,126,uniform,ball_tree,euclidean,3,14,120,191,248,308,379.0,512.0,,
513,1.0,0.7666666666666667,1,8,uniform,ball_tree,euclidean,2,11(s),143(s),231(s),300,342,413.0,513.0,,
514,0.9133696309739866,0.8914285714285715,5,13,uniform,ball_tree,euclidean,2,11(s),143(s),231(s),300,342,413.0,514.0,,
515,0.9133696309739866,0.8914285714285715,5,1,uniform,ball_tree,euclidean,2,11(s),89(s),147,196,337,434.0,515.0,,
516,1.0,0.78,1,1,uniform,ball_tree,euclidean,2,11(s),89(s),147,196,337,434.0,516.0,,
517,0.8994555353901996,0.8209523809523809,2,9,uniform,ball_tree,euclidean,2,31(s),63,102,149,243,302.0,350.0,418.0,517.0
518,0.9064730792498488,0.9057142857142857,8,11,uniform,ball_tree,euclidean,2,31(s),63,102,149,243,302.0,350.0,418.0,518.0
519,1.0,0.78,1,108,uniform,ball_tree,euclidean,2,31(s),64,144,331(s),399,519.0,,,
520,0.9133091349062312,0.8342857142857143,3,123,uniform,ball_tree,euclidean,2,31(s),64,144,331(s),399,520.0,,,
521,0.8960072595281308,0.8209523809523809,2,1,uniform,ball_tree,euclidean,2,11(s),89(s),147,196,296,404.0,521.0,,
522,1.0,0.78,1,1,uniform,ball_tree,euclidean,2,11(s),89(s),147,196,296,404.0,522.0,,
523,0.9167574107683001,0.8342857142857143,3,20,uniform,ball_tree,euclidean,3,14,120,191,248,309,380.0,425.0,523.0,
524,0.9167574107683001,0.8342857142857143,3,18,uniform,ball_tree,euclidean,3,14,120,191,248,309,380.0,425.0,524.0,
525,1.0,0.78,1,29,uniform,ball_tree,euclidean,2,11(s),116(s),162,255,525,,,,
526,1.0,0.7666666666666667,1,17,uniform,ball_tree,euclidean,2,11(s),116(s),162,255,526,,,,
527,1.0,0.78,1,133,uniform,ball_tree,euclidean,2,11(s),116(s),162,255,361,527.0,,,
528,1.0,0.78,1,81,uniform,ball_tree,euclidean,2,11(s),116(s),162,255,361,528.0,,,
529,1.0,0.7666666666666667,1,3,uniform,ball_tree,euclidean,2,11(s),143(s),231(s),301,365,529.0,,,
530,1.0,0.78,1,176,uniform,ball_tree,euclidean,2,11(s),143(s),231(s),301,365,530.0,,,
531,1.0,0.7666666666666667,1,6,uniform,ball_tree,euclidean,2,11(s),178(s),386(s),531,,,,,
532,1.0,0.78,1,86,uniform,ball_tree,euclidean,2,11(s),178(s),386(s),532,,,,,
533,1.0,0.78,1,1,uniform,ball_tree,euclidean,2,11(s),89(s),147,196,393(s),533.0,,,
534,1.0,0.78,1,1,uniform,ball_tree,euclidean,2,11(s),89(s),147,196,393(s),534.0,,,
535,1.0,0.7666666666666667,1,3,uniform,ball_tree,euclidean,2,31(s),64,121,168,222,313.0,442.0,535.0,
536,1.0,0.78,1,45,uniform,ball_tree,euclidean,2,31(s),64,121,168,222,313.0,442.0,536.0,
537,1.0,0.78,1,44,uniform,ball_tree,euclidean,2,11(s),116(s),162,255,317,444.0,537.0,,
538,1.0,0.78,1,207,uniform,ball_tree,euclidean,2,11(s),116(s),162,255,317,444.0,538.0,,
539,1.0,0.7666666666666667,1,4,uniform,ball_tree,euclidean,2,11(s),116(s),162,255,438,539.0,,,
540,1.0,0.78,1,1,uniform,ball_tree,euclidean,2,11(s),116(s),162,255,438,540.0,,,
541,1.0,0.7666666666666667,1,20,uniform,ball_tree,euclidean,2,11(s),116(s),162,254,457,541.0,,,
542,1.0,0.78,1,44,uniform,ball_tree,euclidean,2,11(s),116(s),162,254,457,542.0,,,
543,0.7083484573502722,0.7085714285714286,38,239,uniform,ball_tree,euclidean,3,14,120,191,248,308,379.0,423.0,543.0,
544,0.7083484573502722,0.7085714285714286,50,160,uniform,ball_tree,euclidean,3,14,120,191,248,308,379.0,423.0,544.0,
545,0.9133696309739868,0.8914285714285715,11,252,uniform,ball_tree,euclidean,2,11(s),143(s),545(s),,,,,,
546,0.9133696309739868,0.8914285714285715,11,300,uniform,ball_tree,euclidean,2,11(s),143(s),546(s),,,,,,
547,0.9064730792498488,0.9057142857142857,7,12,uniform,ball_tree,euclidean,2,11(s),143(s),547(s),,,,,,
548,0.9099213551119177,0.9057142857142857,7,83,uniform,ball_tree,euclidean,2,11(s),178(s),548(s),,,,,,
549,0.8960072595281308,0.8209523809523809,2,191,uniform,ball_tree,euclidean,2,11(s),178(s),549(s),,,,,,
550,0.8960072595281308,0.8209523809523809,2,33,uniform,ball_tree,euclidean,2,11(s),178(s),550(s),,,,,,
551,0.9168784029038113,0.8771428571428572,11,1,uniform,ball_tree,euclidean,2,11(s),89(s),147,196,551(s),,,,
552,0.9064730792498488,0.8914285714285715,4,1,uniform,ball_tree,euclidean,2,11(s),89(s),147,196,552(s),,,,
553,0.9064730792498488,0.9057142857142857,8,1,uniform,ball_tree,euclidean,2,11(s),89(s),147,196,553(s),,,,
554,0.9168784029038113,0.8914285714285715,9,138,uniform,ball_tree,euclidean,2,11(s),143(s),289(s),554(s),,,,,
555,1.0,0.78,1,113,uniform,ball_tree,euclidean,2,11(s),143(s),289(s),555(s),,,,,
556,0.9133091349062312,0.8342857142857143,3,168,uniform,ball_tree,euclidean,2,11(s),143(s),289(s),556(s),,,,,
557,1.0,0.78,1,126,uniform,ball_tree,euclidean,2,31(s),64,144,331(s),557,,,,
558,0.9029643073200242,0.9057142857142857,6,24,uniform,ball_tree,euclidean,2,31(s),64,144,331(s),558,,,,
559,1.0,0.78,1,1,uniform,ball_tree,euclidean,2,31(s),63,102,149,243,302.0,351.0,559.0,
560,0.9099213551119177,0.8914285714285715,10,1,uniform,ball_tree,euclidean,2,31(s),63,102,149,243,302.0,351.0,560.0,
561,0.9133696309739866,0.9057142857142857,5,36,uniform,ball_tree,euclidean,2,11(s),143(s),383(s),561,,,,,
562,0.9064730792498488,0.8914285714285715,4,137,uniform,ball_tree,euclidean,2,11(s),143(s),383(s),562,,,,,
563,0.9029643073200242,0.8914285714285715,10,5,uniform,ball_tree,euclidean,2,11(s),178(s),385(s),563,,,,,
564,0.9099213551119177,0.8914285714285715,10,10,uniform,ball_tree,euclidean,2,11(s),178(s),385(s),564,,,,,
565,0.9064730792498488,0.9057142857142857,8,8,uniform,ball_tree,euclidean,2,11(s),178(s),387(s),565,,,,,
566,0.8995160314579552,0.8495238095238096,14,209,uniform,ball_tree,euclidean,2,11(s),178(s),387(s),566,,,,,
567,0.9168784029038113,0.8914285714285715,9,300,uniform,ball_tree,euclidean,2,11(s),118(s),188,389(s),567,,,,
568,0.9029643073200242,0.9057142857142857,6,300,uniform,ball_tree,euclidean,2,11(s),118(s),188,389(s),568,,,,
569,1.0,0.78,1,300,uniform,ball_tree,euclidean,2,11(s),143(s),289(s),479,569,,,,
570,0.9168784029038113,0.8914285714285715,9,298,uniform,ball_tree,euclidean,2,11(s),143(s),289(s),479,570,,,,
571,0.9168784029038113,0.8914285714285715,9,300,uniform,ball_tree,euclidean,2,11(s),143(s),289(s),480,571,,,,
572,1.0,0.78,1,34,uniform,ball_tree,euclidean,2,11(s),143(s),289(s),480,572,,,,
573,0.9064730792498488,0.9057142857142857,7,1,uniform,ball_tree,euclidean,2,31(s),63,102,149,243,302.0,351.0,485.0,573.0
574,1.0,0.78,1,1,uniform,ball_tree,euclidean,2,31(s),63,102,149,243,302.0,351.0,485.0,574.0
575,0.9064730792498488,0.8914285714285715,4,147,uniform,ball_tree,euclidean,2,11(s),178(s),387(s),491,575,,,,
576,1.0,0.78,1,35,uniform,ball_tree,euclidean,2,11(s),178(s),387(s),491,576,,,,
577,0.9133696309739866,0.9057142857142857,5,108,uniform,ball_tree,euclidean,2,11(s),178(s),387(s),492,577,,,,
578,0.9099213551119177,0.9057142857142857,7,64,uniform,ball_tree,euclidean,2,11(s),178(s),387(s),492,578,,,,
579,0.8960677555958864,0.8914285714285715,10,72,uniform,ball_tree,euclidean,2,11(s),143(s),289(s),394,495,579.0,,,
580,0.9064730792498488,0.8914285714285715,4,63,uniform,ball_tree,euclidean,2,11(s),143(s),289(s),394,495,580.0,,,
581,0.9099213551119177,0.9057142857142857,7,211,uniform,ball_tree,euclidean,2,11(s),143(s),289(s),394,496,581.0,,,
582,1.0,0.78,1,176,uniform,ball_tree,euclidean,2,11(s),143(s),289(s),394,496,582.0,,,
583,0.9133696309739866,0.9057142857142857,5,161,uniform,ball_tree,euclidean,2,11(s),143(s),327(s),583,,,,,
584,0.9064730792498488,0.8914285714285715,4,177,uniform,ball_tree,euclidean,2,11(s),143(s),327(s),584,,,,,
585,1.0,0.78,1,120,uniform,ball_tree,euclidean,3,14,120,191,248,308,378.0,432.0,585.0,
586,0.9133696309739866,0.9057142857142857,5,59,uniform,ball_tree,euclidean,3,14,120,191,248,308,378.0,432.0,586.0,
587,0.9064730792498488,0.8914285714285715,4,8,uniform,ball_tree,euclidean,2,11(s),143(s),383(s),487,587,,,,
588,0.9064730792498488,0.9057142857142857,8,300,uniform,ball_tree,euclidean,2,11(s),143(s),383(s),487,588,,,,
589,1.0,0.78,1,1,uniform,ball_tree,euclidean,2,11(s),89(s),147,196,337,434.0,515.0,589.0,
590,0.9167574107683001,0.8342857142857143,3,1,uniform,ball_tree,euclidean,2,11(s),89(s),147,196,337,434.0,515.0,590.0,
591,0.9167574107683001,0.8342857142857143,3,16,uniform,ball_tree,euclidean,2,11(s),143(s),231(s),300,396,498.0,591.0,,
592,0.9168784029038113,0.8914285714285715,9,78,uniform,ball_tree,euclidean,2,11(s),143(s),231(s),300,396,498.0,592.0,,
593,1.0,0.78,1,81,uniform,ball_tree,euclidean,2,31(s),64,144,331(s),483,593.0,,,
594,0.8960072595281308,0.8209523809523809,2,24,uniform,ball_tree,euclidean,2,31(s),64,144,331(s),483,594.0,,,
595,0.8994555353901996,0.836190476190476,19,71,uniform,ball_tree,euclidean,3,14,120,191,248,357,420.0,502.0,595.0,
596,0.8333333333333333,0.836190476190476,29,60,uniform,ball_tree,euclidean,3,14,120,191,248,357,420.0,502.0,596.0,
597,0.8889897156684816,0.8352380952380953,21,5,uniform,ball_tree,euclidean,3,14,120,191,248,308,378.0,432.0,510.0,597.0
598,0.8960072595281308,0.836190476190476,18,51,uniform,ball_tree,euclidean,3,14,120,191,248,308,378.0,432.0,510.0,598.0
599,0.9133091349062312,0.8342857142857143,3,37,uniform,ball_tree,euclidean,2,11(s),143(s),382(s),507,599,,,,
