,train,test,0,1,2,3,4,5,6,7,8,9,10,11,12,13,14,15,16,17,18,19,20,21
0,0.895946763460375,0.8485714285714285,52,0.19408201975448938,176662,481.71634328361716,linear,0,,,,,,,,,,,,,,,,
1,0.895946763460375,0.8619047619047621,385,0.6805023652761992,190135,111.28083080948579,linear,1,,,,,,,,,,,,,,,,
2,0.8890502117362372,0.8619047619047621,363,0.6959916567118137,52219,467.48895163750313,linear,2,,,,,,,,,,,,,,,,
3,0.8924984875983061,0.8619047619047621,475,0.6337521221562121,108602,152.6449545917138,linear,3,,,,,,,,,,,,,,,,
4,0.8027223230490017,0.6933333333333334,314,0.19870038096065057,8923,75.89300921137139,linear,4,,,,,,,,,,,,,,,,
5,0.8924984875983061,0.8619047619047621,505,0.6217290965886733,184532,396.80886795781464,linear,5,,,,,,,,,,,,,,,,
6,0.895946763460375,0.8485714285714285,358,0.09010143049763378,158825,391.5806528992949,linear,6,,,,,,,,,,,,,,,,
7,0.8924984875983061,0.8619047619047621,205,0.5250268819113699,129750,186.68872464645443,linear,7,,,,,,,,,,,,,,,,
8,0.8890502117362372,0.8485714285714285,357,0.7504321881005325,71402,398.8592659946438,linear,8,,,,,,,,,,,,,,,,
9,0.8890502117362372,0.8485714285714285,503,0.5620127594618668,124726,149.85812737261367,linear,9,,,,,,,,,,,,,,,,
10,0.8856019358741681,0.8485714285714285,574,0.8,200000,87.72948750124979,linear,1,10(s),,,,,,,,,,,,,,,
11,0.8821536600120993,0.8619047619047621,198,0.8,85965,203.44530551242474,linear,1,11(s),,,,,,,,,,,,,,,
12,0.8649122807017544,0.8333333333333333,446,0.8,34029,17.32611269223122,linear,1,12(s),,,,,,,,,,,,,,,
13,0.8821536600120992,0.8485714285714285,110,0.8,79943,500.0,linear,2,13,,,,,,,,,,,,,,,
14,0.8752571082879612,0.8342857142857142,722,0.14096527522846947,58038,292.4978142564905,linear,2,14,,,,,,,,,,,,,,,
15,0.8820931639443435,0.8619047619047621,743,0.8,50849,205.3667527824817,linear,3,15,,,,,,,,,,,,,,,
16,0.895946763460375,0.8485714285714285,652,0.1192152828952362,181886,294.0205049797383,linear,3,16,,,,,,,,,,,,,,,
17,0.8890502117362372,0.8771428571428572,804,0.13658810684384282,92346,500.0,linear,5,17,,,,,,,,,,,,,,,
18,0.895946763460375,0.862857142857143,718,0.28894865580882356,200000,165.64120277584206,linear,5,18,,,,,,,,,,,,,,,
19,0.8924984875983061,0.8619047619047621,203,0.7396524289450923,30931,114.95843806082766,linear,7,19,,,,,,,,,,,,,,,
20,0.8889897156684816,0.8485714285714285,199,0.755988668414656,200000,118.130276425788,linear,7,20,,,,,,,,,,,,,,,
21,0.895946763460375,0.8485714285714285,69,0.17562821524546815,161961,460.1586776446711,linear,0,21,,,,,,,,,,,,,,,
22,0.8924984875983061,0.8485714285714285,15,0.2669263752647115,163275,37.20603669979198,linear,0,22,,,,,,,,,,,,,,,
23,0.889050211736237,0.8485714285714285,656,0.09230761526247698,200000,154.31328331426295,linear,6,23,,,,,,,,,,,,,,,
24,0.8993950393224439,0.8485714285714285,683,0.05893650916221428,144117,500.0,linear,6,24,,,,,,,,,,,,,,,
25,0.6715063520871144,0.7066666666666667,629,0.8,4723,453.48385476790526,linear,8,25,,,,,,,,,,,,,,,
26,0.8924984875983061,0.8485714285714285,389,0.7419526269367339,70586,370.5996263022609,linear,8,26,,,,,,,,,,,,,,,
27,0.8821536600120993,0.8619047619047621,109,0.8,200000,118.10558901893208,linear,9,27,,,,,,,,,,,,,,,
28,0.8890502117362372,0.8485714285714285,806,0.8,147249,258.07200051007754,linear,9,28,,,,,,,,,,,,,,,
29,0.8096188747731399,0.7638095238095237,398,0.11982369458992874,13005,14.950305211184727,linear,4,29,,,,,,,,,,,,,,,
30,0.7915305505142165,0.7628571428571429,487,0.2856106322370002,8640,69.68774543238894,linear,4,30,,,,,,,,,,,,,,,
31,0.8994555353901996,0.8485714285714285,228,0.014842636308395607,92075,485.3922609533298,linear,5,17,31(s),,,,,,,,,,,,,,
32,0.8580157289776164,0.8485714285714285,650,0.06754873141212835,67369,209.07751636245223,linear,5,17,32(s),,,,,,,,,,,,,,
33,0.8994555353901996,0.8485714285714285,398,0.024355259602384174,91984,74.14618668850181,linear,5,17,33(s),,,,,,,,,,,,,,
34,0.8924984875983061,0.862857142857143,98,0.2309477245807886,50069,61.47659946672101,linear,5,18,34,,,,,,,,,,,,,,
35,0.8924984875983061,0.8619047619047621,539,0.48403815997544886,87975,295.2936691468674,linear,5,18,35,,,,,,,,,,,,,,
36,0.8856019358741681,0.8342857142857143,607,0.5829782237287684,177411,10.310327173186153,linear,1,36,,,,,,,,,,,,,,,
37,0.8856019358741681,0.8333333333333334,760,0.8,80031,51.53792978769619,linear,1,37,,,,,,,,,,,,,,,
38,0.8575922565033274,0.8476190476190476,317,0.0007881645762368439,20105,29.760003210673517,linear,4,29,38,,,,,,,,,,,,,,
39,0.7638233514821537,0.8333333333333333,757,0.2124559793775348,17712,8.85037140997196,linear,4,29,39,,,,,,,,,,,,,,
40,0.8091349062310949,0.7933333333333333,494,0.05811356312087894,4513,458.7881128472196,linear,5,17,40(s),,,,,,,,,,,,,,
41,0.8924984875983061,0.8485714285714285,788,0.028758673351093195,174438,275.3632932486802,linear,5,17,41(s),,,,,,,,,,,,,,
42,0.895946763460375,0.8485714285714285,620,0.039993851895854415,99979,113.16959859052633,linear,5,17,42(s),,,,,,,,,,,,,,
43,0.8924984875983061,0.8485714285714285,301,0.40736736193450646,54523,95.56522012323897,linear,1,43,,,,,,,,,,,,,,,
44,0.8924984875983061,0.8619047619047621,358,0.8,130831,110.91460698088756,linear,1,44,,,,,,,,,,,,,,,
45,0.8924984875983061,0.8485714285714285,173,0.022601848112726176,52247,479.4189112386858,linear,5,17,31(s),45,,,,,,,,,,,,,
46,0.895946763460375,0.8485714285714285,200,0.0022189356557245424,89510,51.94085699804873,linear,5,17,31(s),46,,,,,,,,,,,,,
47,0.8787053841500303,0.8619047619047621,388,0.0063058254290418725,31629,136.15675099403217,linear,5,17,33(s),47,,,,,,,,,,,,,
48,0.8752571082879612,0.8342857142857143,393,0.00409886312213447,32948,28.496079579079975,linear,5,17,33(s),48,,,,,,,,,,,,,
49,0.8576527525710829,0.8761904761904763,181,0.0009612139908495296,8429,57.94856474787274,linear,4,29,38,49,,,,,,,,,,,,,
50,0.8367816091954022,0.8361904761904763,313,0.0007086445683272386,9396,13.706752298555521,linear,4,29,38,50,,,,,,,,,,,,,
51,0.8890502117362372,0.8485714285714285,949,0.43081086160865023,166711,8.854652130872825,linear,1,36,51,,,,,,,,,,,,,,
52,0.8856019358741681,0.8628571428571428,32,0.8,134871,15.202967671418747,linear,1,36,52,,,,,,,,,,,,,,
53,0.895946763460375,0.8485714285714285,1000,0.0037222806668916752,180069,301.98345974067325,linear,5,17,53(s),,,,,,,,,,,,,,
54,0.8924984875983061,0.8485714285714285,777,0.2046268535651185,117315,385.122525932804,linear,5,17,54(s),,,,,,,,,,,,,,
55,0.8612220205686631,0.8761904761904763,1000,0.2519857918063287,55818,42.87147294534367,linear,5,17,55(s),,,,,,,,,,,,,,
56,0.8924984875983061,0.862857142857143,759,0.04465118975996052,200000,109.25308045659885,linear,1,56,,,,,,,,,,,,,,,
57,0.7810647307924985,0.8476190476190476,136,0.8,4218,76.44373582099881,linear,1,57,,,,,,,,,,,,,,,
58,0.8821536600120993,0.8485714285714285,232,0.6788647740625103,200000,63.08585750809687,linear,1,44,58,,,,,,,,,,,,,,
59,0.8924984875983061,0.8619047619047621,134,0.7420931614267213,43390,60.241855490888504,linear,1,44,59,,,,,,,,,,,,,,
60,0.8578947368421052,0.8047619047619048,289,0.008412390872736118,16170,202.35748346096298,linear,5,17,33(s),47,60,,,,,,,,,,,,
61,0.8821536600120993,0.8476190476190476,372,0.0041387424367009765,28221,153.58421008190822,linear,5,17,33(s),47,61,,,,,,,,,,,,
62,0.895946763460375,0.8485714285714285,112,0.021481633676871236,149146,500.0,linear,5,17,31(s),62,,,,,,,,,,,,,
63,0.895946763460375,0.8485714285714285,398,0.0290328451122751,168424,500.0,linear,5,17,31(s),63,,,,,,,,,,,,,
64,0.8545674531155475,0.8057142857142857,344,0.0025972187224250548,38897,39.441532960683894,linear,5,17,31(s),46,64,,,,,,,,,,,,
65,0.8924984875983061,0.8485714285714285,85,0.004191253184664668,50605,94.58786557210054,linear,5,17,31(s),46,65,,,,,,,,,,,,
66,0.8856019358741681,0.8342857142857143,353,0.701550220076476,35220,16.996229783762143,linear,1,36,51,66,,,,,,,,,,,,,
67,0.8890502117362372,0.8485714285714285,842,0.23289206813788813,69289,4.15778347375158,linear,1,36,51,67,,,,,,,,,,,,,
68,0.7469449485783425,0.8047619047619048,488,1.5993092262778534e-05,5208,52.034457747423836,linear,4,29,38,68,,,,,,,,,,,,,
69,0.8924984875983061,0.8485714285714285,307,0.00022483352708163303,38405,32.186942926555254,linear,4,29,38,69,,,,,,,,,,,,,
70,0.7880822746521476,0.7638095238095237,571,0.0012577791086637344,16738,26.46035131186276,linear,4,29,38,50,70,,,,,,,,,,,,
71,0.798669086509377,0.7647619047619048,421,0.0010730043953573042,18482,4.627191677378738,linear,4,29,38,50,71,,,,,,,,,,,,
72,0.8752571082879612,0.8914285714285715,1000,0.26319997091873154,77811,446.2482583856453,linear,5,17,72(s),,,,,,,,,,,,,,
73,0.895946763460375,0.8628571428571428,998,0.0190891083738695,166597,280.39631615806,linear,5,17,73(s),,,,,,,,,,,,,,
74,0.895946763460375,0.862857142857143,1000,0.09631555991626292,148877,8.152471523346833,linear,5,17,74(s),,,,,,,,,,,,,,
75,0.8475499092558983,0.8476190476190476,382,0.3357473747617258,16399,50.054163754240825,linear,5,17,55(s),75,,,,,,,,,,,,,
76,0.8924984875983061,0.8485714285714285,352,0.09802776374439554,54152,61.32309074120978,linear,5,17,55(s),76,,,,,,,,,,,,,
77,0.8821536600120993,0.8628571428571428,253,0.02529470825430205,47418,18.493871802342426,linear,5,17,31(s),77,,,,,,,,,,,,,
78,0.895946763460375,0.8485714285714285,73,0.011133682072330021,88152,500.0,linear,5,17,31(s),78,,,,,,,,,,,,,
79,0.7186327888687235,0.6666666666666666,1000,0.02131148356044299,8218,201.60530387864824,linear,5,17,54(s),79,,,,,,,,,,,,,
80,0.8751966122202057,0.8771428571428572,668,0.09678798852464068,61815,286.50243885411385,linear,5,17,54(s),80,,,,,,,,,,,,,
81,0.895946763460375,0.8485714285714285,95,0.00801796503772255,54056,159.38453386004338,linear,5,17,31(s),46,65,81,,,,,,,,,,,
82,0.895946763460375,0.8485714285714285,17,0.005937176783822974,93902,166.07276093272804,linear,5,17,31(s),46,65,82,,,,,,,,,,,
83,0.895946763460375,0.862857142857143,499,0.1851739086555791,82709,500.0,linear,5,17,72(s),83(s),,,,,,,,,,,,,
84,0.895946763460375,0.8485714285714285,717,0.09092907005929976,124943,177.99196843219454,linear,5,17,72(s),84(s),,,,,,,,,,,,,
85,0.889050211736237,0.8485714285714285,353,0.2439172564351688,26961,500.0,linear,5,17,72(s),85(s),,,,,,,,,,,,,
86,0.8407138535995159,0.8476190476190476,1000,0.07458512233214126,44740,63.1235639270073,linear,5,17,86,,,,,,,,,,,,,,
87,0.889050211736237,0.862857142857143,314,0.17682997050388893,148427,70.41394382173007,linear,5,17,87,,,,,,,,,,,,,,
88,0.895946763460375,0.8485714285714285,731,0.33018479225649633,94931,11.15669641029238,linear,5,17,55(s),88,,,,,,,,,,,,,
89,0.889050211736237,0.8485714285714285,292,0.1121340380310002,37113,77.43292579555592,linear,5,17,55(s),89,,,,,,,,,,,,,
90,0.895946763460375,0.8485714285714285,1000,0.031751561033054085,192605,133.38428565398866,linear,5,17,73(s),90,,,,,,,,,,,,,
91,0.895946763460375,0.8485714285714285,129,0.03436078275692814,23844,424.98811113297995,linear,5,17,73(s),91,,,,,,,,,,,,,
92,0.895946763460375,0.8485714285714285,49,0.004588555919368717,170058,213.812823164076,linear,5,17,31(s),78,92,,,,,,,,,,,,
93,0.8993950393224439,0.8485714285714285,55,0.008445407883166636,72268,286.4533101091465,linear,5,17,31(s),78,93,,,,,,,,,,,,
94,0.895946763460375,0.8485714285714285,102,0.002986403067692894,25121,108.70299557531179,linear,5,17,31(s),46,65,81,94,,,,,,,,,,
95,0.895946763460375,0.862857142857143,125,0.011619400953258906,38365,211.62576088910782,linear,5,17,31(s),46,65,81,95,,,,,,,,,,
96,0.7640653357531759,0.6914285714285714,838,7.435799524447076e-05,2653,277.9457060086626,linear,5,17,54(s),79,96,,,,,,,,,,,,
97,0.8580157289776164,0.8628571428571428,115,0.002484497477414374,11046,170.4397946166697,linear,5,17,54(s),79,97,,,,,,,,,,,,
98,0.8786448880822746,0.8342857142857143,429,0.06798868602768603,46112,491.570245002078,linear,5,17,98(s),,,,,,,,,,,,,,
99,0.8993950393224439,0.8485714285714285,938,0.18769097560885264,115938,321.07774893360113,linear,5,17,99(s),,,,,,,,,,,,,,
100,0.895946763460375,0.8485714285714285,450,0.06186268152136938,79064,439.52628413022677,linear,5,17,100(s),,,,,,,,,,,,,,
101,0.895946763460375,0.8485714285714285,123,0.09839318790808987,21809,33.623572243302185,linear,5,17,55(s),101,,,,,,,,,,,,,
102,0.7575317604355717,0.7761904761904762,849,0.21487794639752997,44840,49.984655178611774,linear,5,17,55(s),102,,,,,,,,,,,,,
103,0.895946763460375,0.8485714285714285,409,0.16858009007027738,55901,199.54535279156573,linear,5,17,72(s),83(s),103,,,,,,,,,,,,
104,0.895946763460375,0.8485714285714285,380,0.29170816851468695,79974,276.3018653202066,linear,5,17,72(s),83(s),104,,,,,,,,,,,,
105,0.895946763460375,0.8485714285714285,10,0.013847614253797113,78128,299.9783369350542,linear,5,17,31(s),46,65,81,105,,,,,,,,,,
106,0.9029038112522686,0.8485714285714285,187,0.00879330103846197,67914,294.32552076471086,linear,5,17,31(s),46,65,81,106,,,,,,,,,,
107,0.895946763460375,0.862857142857143,1000,0.11547539511063301,145094,128.12094896546205,linear,5,17,72(s),84(s),107,,,,,,,,,,,,
108,0.895946763460375,0.8485714285714285,1000,0.01834170121077902,200000,85.65753336366392,linear,5,17,72(s),84(s),108,,,,,,,,,,,,
109,0.895946763460375,0.8485714285714285,10,0.008850506326489852,200000,425.889057779782,linear,5,17,31(s),78,92,109,,,,,,,,,,,
110,0.895946763460375,0.8485714285714285,18,0.005849122550798899,200000,264.78158236867006,linear,5,17,31(s),78,92,110,,,,,,,,,,,
111,0.8545069570477919,0.82,517,0.09889433937445,44368,26.537764976028974,linear,5,17,86,111,,,,,,,,,,,,,
112,0.8196612220205687,0.7628571428571428,739,0.01590585434068586,19763,89.64747498186742,linear,5,17,86,112,,,,,,,,,,,,,
113,0.8155474894131881,0.8495238095238096,637,0.039579068565383055,15949,65.97202290664734,linear,5,17,54(s),79,113,,,,,,,,,,,,
114,0.5253478523895947,0.5638095238095236,287,0.03961396665456175,1101,275.48466131944815,linear,5,17,54(s),79,114,,,,,,,,,,,,
115,0.8407743496672717,0.8342857142857142,526,0.15858314844232196,43782,32.42896004891866,linear,5,17,55(s),115(s),,,,,,,,,,,,,
116,0.8856019358741681,0.8771428571428572,862,0.16297688140111358,83001,58.22812911273181,linear,5,17,55(s),116(s),,,,,,,,,,,,,
117,0.8402903811252269,0.8076190476190476,541,0.2417981715470377,32897,34.70352978572278,linear,5,17,55(s),117(s),,,,,,,,,,,,,
118,0.8855414398064125,0.8628571428571428,537,0.18905708227700985,59212,421.6161025736592,linear,5,17,72(s),83(s),118,,,,,,,,,,,,
119,0.895946763460375,0.8485714285714285,145,0.1268950182293267,24701,64.79960686921828,linear,5,17,72(s),83(s),119,,,,,,,,,,,,
120,0.895946763460375,0.8485714285714285,173,0.002464540606370344,200000,84.47145231833446,linear,5,17,72(s),84(s),107,120,,,,,,,,,,,
121,0.895946763460375,0.8485714285714285,152,0.03370854532497168,200000,33.067058180890385,linear,5,17,72(s),84(s),107,121,,,,,,,,,,,
122,0.8993950393224439,0.8485714285714285,147,0.051422632621162416,27047,105.86052127821699,linear,5,17,54(s),79,113,122,,,,,,,,,,,
123,0.8301875378100423,0.7361904761904762,893,0.07716497573455705,14769,40.19176588742032,linear,5,17,54(s),79,113,123,,,,,,,,,,,
124,0.8924984875983061,0.8485714285714285,67,0.0023919942401878958,200000,48.252534017298416,linear,5,17,31(s),78,92,124,,,,,,,,,,,
125,0.895946763460375,0.8485714285714285,63,0.009158428563334094,140192,297.6902612363963,linear,5,17,31(s),78,92,125,,,,,,,,,,,
126,0.8301270417422867,0.7638095238095237,414,0.016680266540612672,7686,500.0,linear,5,17,100(s),126,,,,,,,,,,,,,
127,0.8924984875983061,0.8485714285714285,23,0.1183274940818218,68317,500.0,linear,5,17,100(s),127,,,,,,,,,,,,,
128,0.8993950393224439,0.862857142857143,71,0.07014428453311325,24904,3.8907541114139406,linear,5,17,55(s),101,128,,,,,,,,,,,,
129,0.895946763460375,0.8485714285714285,75,0.16727471080038897,33986,38.86153390763725,linear,5,17,55(s),101,129,,,,,,,,,,,,
130,0.895946763460375,0.862857142857143,217,0.24943852000684513,68235,25.336133924536625,linear,5,17,72(s),83(s),103,130,,,,,,,,,,,
131,0.8924984875983061,0.8485714285714285,397,0.037351070576428724,93197,158.31395183759457,linear,5,17,72(s),83(s),103,131,,,,,,,,,,,
132,0.895946763460375,0.8485714285714285,1,0.011418935176018156,151235,447.6197349677309,linear,5,17,31(s),46,65,81,105,132,,,,,,,,,
133,0.895946763460375,0.8485714285714285,9,0.022618791902267326,32699,71.09865598993133,linear,5,17,31(s),46,65,81,105,133,,,,,,,,,
134,0.895946763460375,0.8485714285714285,23,0.0058387575353732075,144591,500.0,linear,5,17,31(s),78,92,110,134,,,,,,,,,,
135,0.895946763460375,0.8485714285714285,12,0.006250516878700467,71190,172.2535238283964,linear,5,17,31(s),78,92,110,135,,,,,,,,,,
136,0.8578342407743497,0.8485714285714285,889,0.0877719710074198,61911,91.27118036680154,linear,5,17,86,136,,,,,,,,,,,,,
137,0.7468844525105869,0.6914285714285715,462,0.09149436739730545,2968,94.06492789025233,linear,5,17,86,137,,,,,,,,,,,,,
138,0.5517846339987901,0.641904761904762,543,0.17702999409221495,2286,49.02600621365478,linear,5,17,55(s),102,138,,,,,,,,,,,,
139,0.8647912885662432,0.8752380952380954,1000,0.3109278157958595,65148,19.781652454972555,linear,5,17,55(s),102,139,,,,,,,,,,,,
140,0.895946763460375,0.8485714285714285,674,0.17062293351980215,90607,66.95012829927592,linear,5,17,55(s),116(s),140(s),,,,,,,,,,,,
141,0.8716878402903812,0.8904761904761905,953,0.16837367371993434,64641,43.36491951213231,linear,5,17,55(s),116(s),141(s),,,,,,,,,,,,
142,0.895946763460375,0.862857142857143,836,0.17837471134101418,102588,55.84130912376618,linear,5,17,55(s),116(s),142(s),,,,,,,,,,,,
143,0.8787053841500303,0.8485714285714285,918,0.012065274542037402,88419,54.865629014248455,linear,5,17,55(s),143,,,,,,,,,,,,,
144,0.889050211736237,0.8485714285714285,164,0.09711608677683992,19831,8.488175358957001,linear,5,17,55(s),144,,,,,,,,,,,,,
145,0.8889897156684816,0.8485714285714285,676,0.12485513916059221,73517,33.066017964264596,linear,5,17,55(s),102,139,145,,,,,,,,,,,
146,0.8438596491228069,0.8219047619047618,536,0.05801387267752384,16872,23.726144163830558,linear,5,17,55(s),102,139,146,,,,,,,,,,,
147,0.8437386569872958,0.8619047619047621,197,0.2258169797422099,10845,14.440198677623357,linear,5,17,72(s),84(s),107,147,,,,,,,,,,,
148,0.8890502117362372,0.8485714285714285,315,0.14566553357396353,200000,22.534342453687202,linear,5,17,72(s),84(s),107,148,,,,,,,,,,,
149,0.895946763460375,0.8485714285714285,192,0.11335568287965508,100360,14.867455973498227,linear,5,17,72(s),83(s),103,130,149,,,,,,,,,,
150,0.8924984875983061,0.8485714285714285,204,0.1717438928553351,109039,8.76561379276329,linear,5,17,72(s),83(s),103,130,150,,,,,,,,,,
151,0.8649122807017544,0.8057142857142857,795,0.13329157364442024,58118,401.8673579133232,linear,5,17,72(s),83(s),118,151,,,,,,,,,,,
152,0.8890502117362372,0.8485714285714285,101,0.09992179255106096,85142,391.54973492674156,linear,5,17,72(s),83(s),118,152,,,,,,,,,,,
153,0.895946763460375,0.8485714285714285,62,0.003367459973307397,191542,88.24152168012199,linear,5,17,31(s),78,92,153,,,,,,,,,,,
154,0.895946763460375,0.8485714285714285,68,0.004766654544986132,147208,237.8798521613395,linear,5,17,31(s),78,92,154,,,,,,,,,,,
155,0.895946763460375,0.8485714285714285,185,0.002207058524501801,42614,34.89738173968557,linear,5,17,55(s),101,155,,,,,,,,,,,,
156,0.8371445856019359,0.8476190476190476,167,0.10291688133720225,10818,25.408000192485375,linear,5,17,55(s),101,156,,,,,,,,,,,,
157,0.895946763460375,0.8485714285714285,434,0.14448991635491001,87427,118.33668166668126,linear,5,17,72(s),83(s),103,157,,,,,,,,,,,
158,0.8820326678765881,0.8476190476190476,787,0.08867630388562858,50332,188.26203774649315,linear,5,17,72(s),83(s),103,158,,,,,,,,,,,
159,0.7569872958257713,0.7361904761904763,17,0.0166725365685827,100,428.7964667304629,linear,5,17,31(s),46,65,81,105,159,,,,,,,,,
160,0.895946763460375,0.8485714285714285,16,0.020582525068361668,41008,87.08312204552004,linear,5,17,31(s),46,65,81,105,160,,,,,,,,,
161,0.895946763460375,0.8904761904761905,202,0.03324625748885984,17782,13.575401566613102,linear,5,17,72(s),83(s),119,161,,,,,,,,,,,
162,0.8993950393224439,0.8485714285714285,14,0.18674859965408078,44556,102.93079133894241,linear,5,17,72(s),83(s),119,162,,,,,,,,,,,
163,0.895946763460375,0.8485714285714285,186,0.004437667551214285,188437,50.98478945393107,linear,5,17,72(s),84(s),107,120,163,,,,,,,,,,
164,0.895946763460375,0.8485714285714285,342,0.003390065476660796,113933,145.87283377944834,linear,5,17,72(s),84(s),107,120,164,,,,,,,,,,
165,0.8993950393224439,0.8485714285714285,109,0.01104325574385643,156493,500.0,linear,5,17,31(s),78,92,125,165,,,,,,,,,,
166,0.895946763460375,0.8485714285714285,33,0.005006021553579623,57315,267.25149737203543,linear,5,17,31(s),78,92,125,166,,,,,,,,,,
167,0.8924984875983061,0.8485714285714285,21,0.22634509608759856,95221,162.3107132865216,linear,5,17,100(s),127,167,,,,,,,,,,,,
168,0.8924984875983061,0.8485714285714285,22,0.12504568347858744,129565,23.664993497638818,linear,5,17,100(s),127,168,,,,,,,,,,,,
169,0.895946763460375,0.8485714285714285,12,0.00807721355154745,42215,216.97070343049688,linear,5,17,31(s),78,92,110,135,169,,,,,,,,,
170,0.895946763460375,0.8485714285714285,7,0.003069556460897234,84946,16.40382361136531,linear,5,17,31(s),78,92,110,135,170,,,,,,,,,
171,0.8890502117362372,0.862857142857143,396,0.05624301320838408,48243,122.14788738066969,linear,5,17,86,171,,,,,,,,,,,,,
172,0.895946763460375,0.862857142857143,191,0.13353784076138075,53597,99.19466587561496,linear,5,17,86,172,,,,,,,,,,,,,
173,0.8093768905021174,0.7609523809523809,1000,0.1246941068845871,17966,21.237787593803443,linear,5,17,54(s),79,113,123,173,,,,,,,,,,
174,0.8263157894736842,0.8619047619047621,343,0.1053606618857481,22351,37.90449564113349,linear,5,17,54(s),79,113,123,174,,,,,,,,,,
175,0.674107683000605,0.7104761904761905,881,0.06584584426811685,4420,1.5850162711409865,linear,5,17,86,137,175,,,,,,,,,,,,
176,0.7704779189352693,0.7380952380952381,519,0.017553065977578303,2596,138.27624227070484,linear,5,17,86,137,176,,,,,,,,,,,,
177,0.8717483363581368,0.82,742,0.18156135415871855,48819,36.297076415496704,linear,5,17,55(s),116(s),141(s),177(s),,,,,,,,,,,
178,0.8545069570477919,0.82,931,0.1399679290440204,77210,36.34022527057958,linear,5,17,55(s),116(s),141(s),178(s),,,,,,,,,,,
179,0.8718088324258924,0.8342857142857143,765,0.1517447569014552,63197,36.45740165159127,linear,5,17,55(s),116(s),141(s),179(s),,,,,,,,,,,
180,0.826799758015729,0.8333333333333333,139,0.0579634333462045,6399,21.433840885116826,linear,5,17,72(s),83(s),119,161,180,,,,,,,,,,
181,0.895946763460375,0.8485714285714285,81,0.0396791269171355,30018,15.796932885854332,linear,5,17,72(s),83(s),119,161,181,,,,,,,,,,
182,0.8821536600120992,0.82,1000,0.03586124570584262,92522,102.96155197398879,linear,5,17,55(s),116(s),182,,,,,,,,,,,,
183,0.895946763460375,0.8485714285714285,87,0.23614103291964234,49730,107.59706016819787,linear,5,17,55(s),116(s),183,,,,,,,,,,,,
184,0.8924984875983061,0.8485714285714285,37,0.13204146930522034,65414,20.175578695308936,linear,5,17,55(s),102,139,184,,,,,,,,,,,
185,0.895946763460375,0.862857142857143,265,0.0361647382423424,70439,15.687346149045187,linear,5,17,55(s),102,139,185,,,,,,,,,,,
186,0.8683605565638233,0.82,1000,0.009436838455695793,85864,89.44725454073475,linear,5,17,55(s),143,186,,,,,,,,,,,,
187,0.895946763460375,0.8485714285714285,769,0.0060925578835751785,162251,19.3408888219326,linear,5,17,55(s),143,187,,,,,,,,,,,,
188,0.8476709013914097,0.82,1000,0.050025051698009075,81574,63.75368228048214,linear,5,17,72(s),83(s),103,158,188,,,,,,,,,,
189,0.8545069570477919,0.8333333333333334,882,0.011226468529779654,58829,41.43270260709053,linear,5,17,72(s),83(s),103,158,189,,,,,,,,,,
190,0.826799758015729,0.8476190476190476,933,0.17889137807460606,55636,46.576822144297424,linear,5,17,55(s),116(s),141(s),190(s),,,,,,,,,,,
191,0.8437991530550514,0.8752380952380954,983,0.14344500127723978,58082,39.31638504885838,linear,5,17,55(s),116(s),141(s),191(s),,,,,,,,,,,
192,0.8820931639443437,0.8485714285714285,1000,0.1785119654635762,70111,49.97822078075582,linear,5,17,55(s),116(s),141(s),192(s),,,,,,,,,,,
193,0.8993950393224439,0.8485714285714285,58,0.005199419072573198,27863,14.152781718573157,linear,5,17,72(s),83(s),119,161,193,,,,,,,,,,
194,0.8294010889292196,0.8361904761904763,212,0.06343339544280054,12866,21.905173929163674,linear,5,17,72(s),83(s),119,161,194,,,,,,,,,,
195,0.895946763460375,0.8485714285714285,123,0.2433593884284877,36511,107.35714855090325,linear,5,17,55(s),116(s),183,195,,,,,,,,,,,
196,0.895946763460375,0.8485714285714285,123,0.27051282384286296,67604,50.359128588450396,linear,5,17,55(s),116(s),183,196,,,,,,,,,,,
197,0.8993950393224439,0.8485714285714285,253,0.00667957193380736,200000,22.498222946963605,linear,5,17,55(s),143,187,197,,,,,,,,,,,
198,0.895946763460375,0.8485714285714285,902,0.00026014166314546495,149452,31.351789146590967,linear,5,17,55(s),143,187,198,,,,,,,,,,,
199,0.8543859649122807,0.82,1000,0.13083543322884034,68833,321.0519994441625,linear,5,17,72(s),83(s),103,158,199,,,,,,,,,,
200,0.889050211736237,0.8485714285714285,497,0.16147475154411972,77947,66.0264721538083,linear,5,17,72(s),83(s),103,158,200,,,,,,,,,,
201,0.895946763460375,0.862857142857143,437,0.29212239888337915,98737,37.477258413202364,linear,5,17,55(s),116(s),141(s),179(s),201,,,,,,,,,,
202,0.8821536600120993,0.8485714285714285,1000,0.261595884000434,102655,63.45603538169574,linear,5,17,55(s),116(s),141(s),179(s),202,,,,,,,,,,
203,0.8158499697519662,0.8209523809523809,138,0.026537336139995614,7326,27.120502274166316,linear,5,17,72(s),83(s),119,161,180,203,,,,,,,,,
204,0.864670296430732,0.8057142857142857,117,0.02199574105200365,6011,41.67321347917121,linear,5,17,72(s),83(s),119,161,180,204,,,,,,,,,
205,0.8924984875983061,0.8485714285714285,382,0.14991391239018353,86433,44.45798076109063,linear,5,17,55(s),116(s),141(s),178(s),205,,,,,,,,,,
206,0.8474894131881427,0.8476190476190476,1000,0.27726800500261817,39466,34.05120253133179,linear,5,17,55(s),116(s),141(s),178(s),206,,,,,,,,,,
207,0.8856019358741681,0.8342857142857142,83,0.028006385755666767,9529,71.10946567761869,linear,5,17,55(s),116(s),182,207,,,,,,,,,,,
208,0.895946763460375,0.862857142857143,813,0.04793556871456534,92173,85.81153619587711,linear,5,17,55(s),116(s),182,208,,,,,,,,,,,
209,0.8162129461584996,0.8752380952380954,719,0.019905351143246174,40911,126.05244546522927,linear,5,17,72(s),83(s),103,158,188,209,,,,,,,,,
210,0.878584392014519,0.8619047619047621,791,0.007898022354683877,55565,106.07444200905884,linear,5,17,72(s),83(s),103,158,188,210,,,,,,,,,
211,0.8753176043557168,0.8342857142857143,831,0.1427203832872304,63177,48.495388817688784,linear,5,17,55(s),116(s),141(s),211(s),,,,,,,,,,,
212,0.8090744101633394,0.7666666666666667,1000,0.1551604519400453,65564,36.75960780626463,linear,5,17,55(s),116(s),141(s),212(s),,,,,,,,,,,
213,0.8476709013914097,0.82,1000,0.16692038632710537,71761,45.836680571921974,linear,5,17,55(s),116(s),141(s),213(s),,,,,,,,,,,
214,0.8441016333938294,0.819047619047619,397,0.044104619381981305,29404,18.05454497872706,linear,5,17,72(s),83(s),119,161,214,,,,,,,,,,
215,0.8924984875983061,0.8485714285714285,14,0.02433289989399763,16927,14.78609145920886,linear,5,17,72(s),83(s),119,161,215,,,,,,,,,,
216,0.8649122807017543,0.8485714285714285,687,0.018142897588431406,60112,54.60832901070535,linear,5,17,55(s),116(s),141(s),191(s),216,,,,,,,,,,
217,0.8856019358741681,0.8485714285714285,1000,0.20671294484664182,115217,12.742970059430021,linear,5,17,55(s),116(s),141(s),191(s),217,,,,,,,,,,
218,0.8924984875983061,0.8485714285714285,592,0.004521580479134385,76724,77.79566442933019,linear,5,17,72(s),83(s),103,158,188,210,218,,,,,,,,
219,0.895946763460375,0.8485714285714285,639,0.013261763504749577,95531,168.6517795429765,linear,5,17,72(s),83(s),103,158,188,210,219,,,,,,,,
220,0.895946763460375,0.8485714285714285,41,0.13915457112745394,30163,4.704403689263572,linear,5,17,55(s),116(s),183,220,,,,,,,,,,,
221,0.8683000604960677,0.8619047619047621,150,0.2004629011506925,9639,212.71640955282766,linear,5,17,55(s),116(s),183,221,,,,,,,,,,,
222,0.8924984875983061,0.8485714285714285,1000,0.003246155815154656,200000,34.27548780298863,linear,5,17,55(s),143,187,222,,,,,,,,,,,
223,0.895946763460375,0.8485714285714285,888,0.002302120573337202,200000,32.158974480610695,linear,5,17,55(s),143,187,223,,,,,,,,,,,
224,0.895946763460375,0.8485714285714285,185,0.23600792500091988,64568,41.11050453486597,linear,5,17,55(s),116(s),141(s),192(s),224,,,,,,,,,,
225,0.8958862673926195,0.8914285714285715,396,0.25202271003408144,42934,0.06756873945694508,linear,5,17,55(s),116(s),141(s),192(s),225,,,,,,,,,,
226,0.895946763460375,0.8485714285714285,48,0.0007236348260827386,29178,11.447655267269774,linear,5,17,72(s),83(s),119,161,193,226,,,,,,,,,
227,0.8924984875983061,0.8485714285714285,8,0.006710463040709372,40213,10.77109742688401,linear,5,17,72(s),83(s),119,161,193,227,,,,,,,,,
228,0.8262552934059286,0.8352380952380951,1000,0.0001648040150595427,61568,4.762611445028234,linear,5,17,55(s),143,187,198,228,,,,,,,,,,
229,0.895946763460375,0.8485714285714285,948,0.00014886472032690776,149445,7.099164730447136,linear,5,17,55(s),143,187,198,229,,,,,,,,,,
230,0.8578947368421053,0.7914285714285715,759,0.08570846323079864,48485,82.49181960082299,linear,5,17,55(s),116(s),141(s),178(s),205,230,,,,,,,,,
231,0.8924984875983061,0.8485714285714285,622,0.00926883642007284,131805,73.623634752426,linear,5,17,55(s),116(s),141(s),178(s),205,231,,,,,,,,,
232,0.8580157289776164,0.8190476190476191,847,0.08480367017098428,85777,294.72414742666314,linear,5,17,72(s),83(s),103,158,232,,,,,,,,,,
233,0.8440411373260737,0.8619047619047618,1000,0.12644358228914088,44098,56.43061702039222,linear,5,17,72(s),83(s),103,158,233,,,,,,,,,,
234,0.895946763460375,0.8485714285714285,7,0.025480680023629243,3920,12.655948865126554,linear,5,17,72(s),83(s),119,161,180,203,234,,,,,,,,
235,0.7946763460375076,0.7657142857142857,221,0.03547251843732696,8110,35.740456810954264,linear,5,17,72(s),83(s),119,161,180,203,235,,,,,,,,
236,0.8856019358741681,0.8628571428571428,682,0.04127035897416707,100180,114.6985400445638,linear,5,17,55(s),116(s),182,236,,,,,,,,,,,
237,0.8820931639443437,0.819047619047619,566,0.007403103382487564,10374,58.67801195223025,linear,5,17,55(s),116(s),182,237,,,,,,,,,,,
238,0.8338173018753782,0.8476190476190476,993,0.08952965371388727,53688,500.0,linear,5,17,72(s),83(s),103,158,199,238,,,,,,,,,
239,0.8228675136116153,0.8085714285714285,465,0.15082583689050288,29177,500.0,linear,5,17,72(s),83(s),103,158,199,239,,,,,,,,,
240,0.8472474289171202,0.8761904761904763,1000,0.19032674558379323,62025,45.82911718196661,linear,5,17,55(s),116(s),141(s),240(s),,,,,,,,,,,
241,0.8476709013914097,0.8485714285714285,823,0.17717030783117682,65662,40.452251139575914,linear,5,17,55(s),116(s),141(s),241(s),,,,,,,,,,,
242,0.8543859649122807,0.8342857142857142,957,0.15440192603985112,71239,46.616826947333905,linear,5,17,55(s),116(s),141(s),242(s),,,,,,,,,,,
243,0.8924984875983061,0.862857142857143,819,0.24258711911194694,108920,21.97278487123237,linear,5,17,55(s),116(s),141(s),191(s),243,,,,,,,,,,
244,0.8199637023593466,0.8333333333333334,895,0.01897489426791836,63637,78.24012861887994,linear,5,17,55(s),116(s),141(s),191(s),244,,,,,,,,,,
245,0.895946763460375,0.8485714285714285,3,0.0107021008893637,1297,11.432891821430104,linear,5,17,72(s),83(s),119,161,180,203,234,245,,,,,,,
246,0.895946763460375,0.8485714285714285,7,0.04577826988292614,7064,21.76640289712579,linear,5,17,72(s),83(s),119,161,180,203,234,246,,,,,,,
247,0.6876588021778585,0.6780952380952381,1000,0.1212857688951356,5915,357.1372593652138,linear,5,17,72(s),83(s),103,158,247,,,,,,,,,,
248,0.788626739261948,0.6771428571428573,1000,0.03164059318821273,23911,316.7346041379554,linear,5,17,72(s),83(s),103,158,248,,,,,,,,,,
249,0.8091349062310951,0.7657142857142858,1000,0.01631037121184914,48486,35.98835179026942,linear,5,17,55(s),116(s),141(s),211(s),249,,,,,,,,,,
250,0.8924984875983061,0.862857142857143,95,0.18939122320884394,20784,12.06111711489202,linear,5,17,55(s),116(s),141(s),211(s),250,,,,,,,,,,
251,0.895946763460375,0.8485714285714285,296,0.19316368193265243,110529,163.73005623041155,linear,5,17,72(s),83(s),103,158,199,251,,,,,,,,,
252,0.895946763460375,0.862857142857143,918,0.25357591633488297,132621,148.96926667254945,linear,5,17,72(s),83(s),103,158,199,252,,,,,,,,,
253,0.8924984875983061,0.862857142857143,84,0.0542585760567216,9627,4.6553663610778955,linear,5,17,72(s),83(s),119,161,180,203,235,253,,,,,,,
254,0.8647307924984876,0.8619047619047618,248,0.000642991142256577,13098,56.769677623537774,linear,5,17,72(s),83(s),119,161,180,203,235,254,,,,,,,
255,0.8820931639443437,0.8485714285714285,916,0.1842934694802336,69042,45.9749158101303,linear,5,17,55(s),116(s),141(s),240(s),255(s),,,,,,,,,,
256,0.8263157894736842,0.8619047619047621,938,0.2172161091424415,57974,40.176398283896525,linear,5,17,55(s),116(s),141(s),240(s),256(s),,,,,,,,,,
257,0.823472474289171,0.8476190476190476,969,0.19451379858816573,60962,46.62934191293806,linear,5,17,55(s),116(s),141(s),240(s),257(s),,,,,,,,,,
258,0.8471264367816091,0.8904761904761905,940,0.2047311480660844,58101,41.808881127763364,linear,5,17,55(s),116(s),141(s),240(s),258(s),,,,,,,,,,
259,0.8371445856019358,0.8628571428571428,894,0.1877048275479196,61843,42.25559241616953,linear,5,17,55(s),116(s),141(s),240(s),259(s),,,,,,,,,,
260,0.8752571082879614,0.8619047619047621,906,0.20089142194841816,69539,51.035844077543814,linear,5,17,55(s),116(s),141(s),240(s),260(s),,,,,,,,,,
261,0.8649122807017544,0.8342857142857143,1000,0.32579847722493915,83700,54.814208479107435,linear,5,17,55(s),116(s),141(s),240(s),256(s),261,,,,,,,,,
262,0.8717483363581368,0.8485714285714285,1000,0.030626836552088255,82399,40.586544531028714,linear,5,17,55(s),116(s),141(s),240(s),256(s),262,,,,,,,,,
263,0.8856019358741681,0.8342857142857143,987,0.1724218238511997,119183,90.38928170699586,linear,5,17,55(s),116(s),141(s),240(s),255(s),263,,,,,,,,,
264,0.8856019358741681,0.8628571428571428,1000,0.23102899289428133,119156,58.92104866971951,linear,5,17,55(s),116(s),141(s),240(s),255(s),264,,,,,,,,,
265,0.8057471264367816,0.8047619047619048,925,0.2028710691331408,54458,43.88391521094371,linear,5,17,55(s),116(s),141(s),240(s),258(s),265(s),,,,,,,,,
266,0.8403508771929825,0.8895238095238096,1000,0.2157208418633807,56555,40.13684866920559,linear,5,17,55(s),116(s),141(s),240(s),258(s),266(s),,,,,,,,,
267,0.8578947368421052,0.8619047619047621,938,0.19092245186280896,60883,43.93088445901194,linear,5,17,55(s),116(s),141(s),240(s),258(s),267(s),,,,,,,,,
268,0.8993950393224439,0.8485714285714285,367,0.02282674356655992,109994,91.45004846370043,linear,5,17,55(s),116(s),141(s),240(s),268,,,,,,,,,,
269,0.8405323653962491,0.8333333333333333,956,0.3141935552601695,65858,26.2500601872505,linear,5,17,55(s),116(s),141(s),240(s),269,,,,,,,,,,
270,0.8924984875983061,0.8485714285714285,798,0.38220898123825436,128144,8.964264561458045,linear,5,17,55(s),116(s),141(s),240(s),255(s),264,270,,,,,,,,
271,0.8924984875983061,0.8485714285714285,638,0.40087733933979997,200000,41.56776152592161,linear,5,17,55(s),116(s),141(s),240(s),255(s),264,271,,,,,,,,
272,0.895946763460375,0.8485714285714285,22,0.15632682891852,106408,3.1565097959429735,linear,5,17,55(s),116(s),141(s),240(s),256(s),272,,,,,,,,,
273,0.895946763460375,0.8485714285714285,99,0.34086491903606914,51157,70.54766496316537,linear,5,17,55(s),116(s),141(s),240(s),256(s),273,,,,,,,,,
274,0.895946763460375,0.8485714285714285,123,0.04309306331244675,124700,8.43589391318308,linear,5,17,55(s),116(s),141(s),240(s),260(s),274,,,,,,,,,
275,0.8580157289776164,0.8342857142857142,1000,0.3881702773951067,79272,1.3710894479143718,linear,5,17,55(s),116(s),141(s),240(s),260(s),275,,,,,,,,,
276,0.8890502117362372,0.8485714285714285,781,0.5305506846131605,113800,82.249990174278,linear,5,17,55(s),116(s),141(s),240(s),256(s),261,276,,,,,,,,
277,0.8924984875983061,0.8619047619047621,511,0.5856149814849854,125629,56.614777249528316,linear,5,17,55(s),116(s),141(s),240(s),256(s),261,277,,,,,,,,
278,0.8683605565638233,0.8628571428571428,955,0.18783056034571882,55288,38.157262385490384,linear,5,17,55(s),116(s),141(s),240(s),258(s),278(s),,,,,,,,,
279,0.8267392619479734,0.8619047619047618,1000,0.22208380773778805,54132,45.326558815370085,linear,5,17,55(s),116(s),141(s),240(s),258(s),279(s),,,,,,,,,
280,0.8439806412583181,0.8761904761904763,1000,0.19599169325487464,56649,43.79363304503646,linear,5,17,55(s),116(s),141(s),240(s),258(s),280(s),,,,,,,,,
281,0.8890502117362372,0.8485714285714285,766,0.40192702441868594,146463,0.9924487950947949,linear,5,17,55(s),116(s),141(s),240(s),255(s),264,271,281,,,,,,,
282,0.895946763460375,0.8485714285714285,46,0.11675406519187603,180928,4.686181323772296,linear,5,17,55(s),116(s),141(s),240(s),255(s),264,271,282,,,,,,,
283,0.8924984875983061,0.8485714285714285,43,0.09124498707656772,22454,13.573681496253641,linear,5,17,55(s),116(s),141(s),240(s),256(s),273,283,,,,,,,,
284,0.8924984875983061,0.8485714285714285,2,0.4895796618029134,30546,58.61693694389401,linear,5,17,55(s),116(s),141(s),240(s),256(s),273,284,,,,,,,,
285,0.8474289171203873,0.8333333333333334,861,0.20453359386055625,60578,43.73657731282225,linear,5,17,55(s),116(s),141(s),240(s),258(s),285(s),,,,,,,,,
286,0.8715668481548698,0.8619047619047621,965,0.21438507076904895,55158,42.03112979544676,linear,5,17,55(s),116(s),141(s),240(s),258(s),286(s),,,,,,,,,
287,0.8295825771324864,0.8209523809523809,960,0.2192075458931905,62999,40.451366722155484,linear,5,17,55(s),116(s),141(s),240(s),258(s),287(s),,,,,,,,,
288,0.895946763460375,0.8485714285714285,603,0.36840404585034303,99466,57.86109442546092,linear,5,17,55(s),116(s),141(s),240(s),258(s),280(s),288,,,,,,,,
289,0.8856019358741681,0.8628571428571428,548,0.18414896237334955,58507,70.47530142411912,linear,5,17,55(s),116(s),141(s),240(s),258(s),280(s),289,,,,,,,,
290,0.8575922565033272,0.8761904761904763,914,0.20519571400218878,54176,41.68764415042808,linear,5,17,55(s),116(s),141(s),240(s),258(s),290(s),,,,,,,,,
291,0.847610405323654,0.819047619047619,868,0.19321802963362905,55030,40.78010650195765,linear,5,17,55(s),116(s),141(s),240(s),258(s),291(s),,,,,,,,,
292,0.8405928614640048,0.8619047619047621,1000,0.1907167046919113,60683,39.982726037987774,linear,5,17,55(s),116(s),141(s),240(s),258(s),292(s),,,,,,,,,
293,0.8371445856019358,0.8333333333333334,520,0.07835274931713257,30289,38.58618778149099,linear,5,17,55(s),116(s),141(s),240(s),258(s),286(s),293,,,,,,,,
294,0.6874168179068361,0.7066666666666667,790,0.0976453483760629,2947,1.7730915938325396,linear,5,17,55(s),116(s),141(s),240(s),258(s),286(s),294,,,,,,,,
295,0.8856019358741681,0.8771428571428572,803,0.07401008917416188,105645,18.141365459871654,linear,5,17,55(s),116(s),141(s),240(s),258(s),285(s),295,,,,,,,,
296,0.895946763460375,0.8485714285714285,592,0.28620612240667137,79370,9.445453435314427,linear,5,17,55(s),116(s),141(s),240(s),258(s),285(s),296,,,,,,,,
297,0.8821536600120992,0.8771428571428572,1000,0.350783862903924,81908,45.68013082210331,linear,5,17,55(s),116(s),141(s),240(s),258(s),287(s),297,,,,,,,,
298,0.8890502117362372,0.8628571428571428,406,0.4154797042431388,54565,65.36469960589731,linear,5,17,55(s),116(s),141(s),240(s),258(s),287(s),298,,,,,,,,
299,0.8335148215366001,0.8333333333333334,972,0.21099355818581267,54794,39.70554687089635,linear,5,17,55(s),116(s),141(s),240(s),258(s),299(s),,,,,,,,,
300,0.8192982456140351,0.8361904761904763,1000,0.19735258249623253,60962,40.471602601894425,linear,5,17,55(s),116(s),141(s),240(s),258(s),300(s),,,,,,,,,
301,0.8750756200846945,0.8476190476190476,920,0.19823694991542168,61133,43.11151144893062,linear,5,17,55(s),116(s),141(s),240(s),258(s),301(s),,,,,,,,,
302,0.895946763460375,0.8485714285714285,975,0.01399747059654749,151575,59.2763150113297,linear,5,17,55(s),116(s),141(s),240(s),258(s),287(s),297,302,,,,,,,
303,0.6155474894131882,0.5952380952380952,529,0.13009860233149192,2436,34.52187819295801,linear,5,17,55(s),116(s),141(s),240(s),258(s),287(s),297,303,,,,,,,
304,0.78173018753781,0.661904761904762,611,0.35051513430769077,13168,99.97857490674065,linear,5,17,55(s),116(s),141(s),240(s),258(s),287(s),298,304,,,,,,,
305,0.889050211736237,0.8628571428571428,327,0.10721125803535964,34474,52.4384771310812,linear,5,17,55(s),116(s),141(s),240(s),258(s),287(s),298,305,,,,,,,
306,0.795220810647308,0.7504761904761905,571,0.3375594916223249,24828,70.1827807087396,linear,5,17,55(s),116(s),141(s),240(s),258(s),286(s),306,,,,,,,,
307,0.8890502117362372,0.8771428571428572,702,0.3895592423536237,57280,67.73788436527553,linear,5,17,55(s),116(s),141(s),240(s),258(s),286(s),307,,,,,,,,
308,0.8580157289776166,0.8057142857142857,863,0.08267799958609336,106766,17.690841440674227,linear,5,17,55(s),116(s),141(s),240(s),258(s),292(s),308,,,,,,,,
309,0.8856019358741681,0.862857142857143,420,0.2496162641387671,84347,68.45408599889728,linear,5,17,55(s),116(s),141(s),240(s),258(s),292(s),309,,,,,,,,
310,0.7639443436176647,0.8047619047619048,247,0.29501471591971107,4908,2.3591207227996733,linear,5,17,55(s),116(s),141(s),240(s),258(s),291(s),310,,,,,,,,
311,0.8717483363581365,0.8761904761904763,1000,0.02770390762057981,39676,3.9127568725774253,linear,5,17,55(s),116(s),141(s),240(s),258(s),291(s),311,,,,,,,,
312,0.8613430127041741,0.8342857142857143,876,0.19863448118639154,59546,40.05257517881301,linear,5,17,55(s),116(s),141(s),240(s),258(s),312(s),,,,,,,,,
313,0.8718088324258924,0.8619047619047621,997,0.19021398890385136,57169,44.33222848612453,linear,5,17,55(s),116(s),141(s),240(s),258(s),313(s),,,,,,,,,
314,0.8332123411978222,0.8352380952380951,978,0.19312462058631163,60861,43.63654963220117,linear,5,17,55(s),116(s),141(s),240(s),258(s),314(s),,,,,,,,,
315,0.8649122807017544,0.8342857142857142,1000,0.13859352526775723,72437,8.83977994557106,linear,5,17,55(s),116(s),141(s),240(s),258(s),286(s),315,,,,,,,,
316,0.8647307924984876,0.8619047619047618,868,0.13546780331735697,49623,0.16229293524900612,linear,5,17,55(s),116(s),141(s),240(s),258(s),286(s),316,,,,,,,,
317,0.7635208711433756,0.7780952380952381,53,0.1700313795193484,1268,1.9940266049087687,linear,5,17,55(s),116(s),141(s),240(s),258(s),291(s),310,317,,,,,,,
318,0.8227465214761039,0.8361904761904763,323,0.38903634156624006,9171,3.0605089827603242,linear,5,17,55(s),116(s),141(s),240(s),258(s),291(s),310,318,,,,,,,
319,0.8544464609800363,0.8485714285714285,878,0.19895643082668296,58467,43.61287786754387,linear,5,17,55(s),116(s),141(s),240(s),258(s),319(s),,,,,,,,,
320,0.850877192982456,0.8904761904761905,980,0.21179984785466624,54455,40.824911471453966,linear,5,17,55(s),116(s),141(s),240(s),258(s),320(s),,,,,,,,,
321,0.84010889292196,0.7809523809523811,890,0.2061565286776094,57189,41.12489963463493,linear,5,17,55(s),116(s),141(s),240(s),258(s),321(s),,,,,,,,,
322,0.895946763460375,0.8485714285714285,118,0.3551403763783951,57559,42.01531173327299,linear,5,17,55(s),116(s),141(s),240(s),258(s),286(s),322,,,,,,,,
323,0.7950393224440411,0.8200000000000001,1000,0.08666510257042817,20149,32.07678792566797,linear,5,17,55(s),116(s),141(s),240(s),258(s),286(s),323,,,,,,,,
324,0.895946763460375,0.8485714285714285,69,0.1689888858993409,67965,0.12810308550689584,linear,5,17,55(s),116(s),141(s),240(s),258(s),286(s),316,324,,,,,,,
325,0.8683605565638233,0.8342857142857143,1000,0.24524714061587902,76190,0.10988315845945819,linear,5,17,55(s),116(s),141(s),240(s),258(s),286(s),316,325,,,,,,,
326,0.895946763460375,0.8485714285714285,1000,0.32880370304938455,102858,72.45922326726952,linear,5,17,55(s),116(s),141(s),240(s),258(s),312(s),326,,,,,,,,
327,0.7530550514216576,0.7780952380952381,1000,0.2454420730397433,22369,76.25185654395858,linear,5,17,55(s),116(s),141(s),240(s),258(s),312(s),327,,,,,,,,
328,0.8924984875983061,0.8485714285714285,279,0.21386583943233345,134433,14.963895369682714,linear,5,17,55(s),116(s),141(s),240(s),258(s),286(s),315,328,,,,,,,
329,0.8683605565638233,0.8485714285714285,783,0.04849504233191754,58464,6.911490607776176,linear,5,17,55(s),116(s),141(s),240(s),258(s),286(s),315,329,,,,,,,
330,0.8333333333333334,0.7933333333333333,232,0.4190221168139038,6883,0.8578300115413917,linear,5,17,55(s),116(s),141(s),240(s),258(s),291(s),310,330,,,,,,,
331,0.8127646702964307,0.7752380952380953,486,0.41706107099694717,9037,0.5788238567973913,linear,5,17,55(s),116(s),141(s),240(s),258(s),291(s),310,331,,,,,,,
332,0.8265577737447065,0.8752380952380954,892,0.21220134513063185,55211,39.78406733907726,linear,5,17,55(s),116(s),141(s),240(s),258(s),332(s),,,,,,,,,
333,0.8440411373260737,0.8476190476190476,888,0.21695333051101842,55194,43.290040833973606,linear,5,17,55(s),116(s),141(s),240(s),258(s),333(s),,,,,,,,,
334,0.8402298850574713,0.8476190476190476,960,0.20042541620630175,59918,39.750056396266956,linear,5,17,55(s),116(s),141(s),240(s),258(s),334(s),,,,,,,,,
335,0.7952813067150636,0.7904761904761906,430,0.15095409421694475,4478,4.041038276993061,linear,5,17,55(s),116(s),141(s),240(s),258(s),291(s),310,335,,,,,,,
336,0.7741681790683606,0.7923809523809524,398,0.0874871080920202,9407,2.1960604590527604,linear,5,17,55(s),116(s),141(s),240(s),258(s),291(s),310,336,,,,,,,
337,0.7812462189957653,0.7923809523809524,208,0.3974181295405789,5353,1.085723365175183,linear,5,17,55(s),116(s),141(s),240(s),258(s),291(s),310,331,337.0,,,,,,
338,0.6494857834240775,0.4828571428571428,829,0.48128202792699515,4022,0.07288833689796637,linear,5,17,55(s),116(s),141(s),240(s),258(s),291(s),310,331,338.0,,,,,,
339,0.8750756200846945,0.8476190476190476,919,0.202710666225684,56117,41.55284744859881,linear,5,17,55(s),116(s),141(s),240(s),258(s),339(s),,,,,,,,,
340,0.8750756200846943,0.8619047619047621,952,0.193319914668114,58857,43.793384499381176,linear,5,17,55(s),116(s),141(s),240(s),258(s),340(s),,,,,,,,,
341,0.8649727767695099,0.82,929,0.1937725412611346,56220,39.891082996306736,linear,5,17,55(s),116(s),141(s),240(s),258(s),341(s),,,,,,,,,
342,0.8889897156684816,0.8485714285714285,66,0.08695983565493107,6237,4.187048589427947,linear,5,17,55(s),116(s),141(s),240(s),258(s),291(s),310,336,342.0,,,,,,
343,0.8121597096188747,0.818095238095238,258,0.011056978768923531,2922,4.17252105260889,linear,5,17,55(s),116(s),141(s),240(s),258(s),291(s),310,336,343.0,,,,,,
344,0.8542649727767694,0.8619047619047621,228,0.1494905019183622,7963,4.914284387308507,linear,5,17,55(s),116(s),141(s),240(s),258(s),291(s),310,335,344.0,,,,,,
345,0.7014519056261342,0.6209523809523809,516,0.07652006702943744,4061,5.55454229432807,linear,5,17,55(s),116(s),141(s),240(s),258(s),291(s),310,335,345.0,,,,,,
346,0.8718693284936478,0.8200000000000001,901,0.19502680711330017,59604,40.17969949759938,linear,5,17,55(s),116(s),141(s),240(s),258(s),346(s),,,,,,,,,
347,0.8018753781004234,0.8352380952380951,956,0.2017721688275693,58634,43.84237680405785,linear,5,17,55(s),116(s),141(s),240(s),258(s),347(s),,,,,,,,,
348,0.8026618269812463,0.819047619047619,969,0.21084780378911275,55357,43.95364313862773,linear,5,17,55(s),116(s),141(s),240(s),258(s),348(s),,,,,,,,,
349,0.8855414398064125,0.8200000000000001,23,0.2585945304427482,2158,6.670267209021185,linear,5,17,55(s),116(s),141(s),240(s),258(s),291(s),310,335,344.0,349,,,,,
350,0.8472474289171202,0.8495238095238096,404,0.28783155644934855,8674,6.804964745962941,linear,5,17,55(s),116(s),141(s),240(s),258(s),291(s),310,335,344.0,350,,,,,
351,0.7367816091954023,0.6742857142857143,102,0.01239021333520981,1062,7.097586673422841,linear,5,17,55(s),116(s),141(s),240(s),258(s),291(s),310,336,343.0,351,,,,,
352,0.742952208106473,0.7914285714285715,161,0.005967612050278727,4645,3.4908114761251663,linear,5,17,55(s),116(s),141(s),240(s),258(s),291(s),310,336,343.0,352,,,,,
353,0.7498487598306111,0.7057142857142857,408,0.09914419323188667,3526,3.1613198116828203,linear,5,17,55(s),116(s),141(s),240(s),258(s),291(s),310,336,353.0,,,,,,
354,0.7641863278886871,0.7628571428571429,614,0.09092494330246291,16408,0.017314346643982237,linear,5,17,55(s),116(s),141(s),240(s),258(s),291(s),310,336,354.0,,,,,,
355,0.8578947368421052,0.8761904761904763,926,0.20424865820662305,58288,41.55346078634996,linear,5,17,55(s),116(s),141(s),240(s),258(s),355(s),,,,,,,,,
356,0.8475499092558983,0.8476190476190476,977,0.20056934999761122,59259,43.69129315737152,linear,5,17,55(s),116(s),141(s),240(s),258(s),356(s),,,,,,,,,
357,0.8544464609800363,0.8190476190476191,974,0.19815560992034364,59482,43.380616710186956,linear,5,17,55(s),116(s),141(s),240(s),258(s),357(s),,,,,,,,,
358,0.8890502117362372,0.862857142857143,299,0.07678256315635726,58903,30.162883305437468,linear,5,17,55(s),116(s),141(s),240(s),258(s),347(s),358,,,,,,,,
359,0.8924984875983061,0.82,26,0.3446465460066358,71256,68.41075461517156,linear,5,17,55(s),116(s),141(s),240(s),258(s),347(s),359,,,,,,,,
360,0.8680580762250454,0.819047619047619,951,0.2130442307809432,59887,40.42957532573963,linear,5,17,55(s),116(s),141(s),240(s),258(s),360(s),,,,,,,,,
361,0.8196612220205687,0.8323809523809522,934,0.2125834867803898,58705,40.79619168718548,linear,5,17,55(s),116(s),141(s),240(s),258(s),361(s),,,,,,,,,
362,0.8750151240169389,0.8619047619047621,939,0.2133831457751206,60883,39.73890135743401,linear,5,17,55(s),116(s),141(s),240(s),258(s),362(s),,,,,,,,,
363,0.8545069570477919,0.8761904761904763,952,0.1953624641707276,59492,39.928455003139206,linear,5,17,55(s),116(s),141(s),240(s),258(s),363(s),,,,,,,,,
364,0.8785238959467634,0.8619047619047618,903,0.19847654666488093,60256,41.94800916462915,linear,5,17,55(s),116(s),141(s),240(s),258(s),364(s),,,,,,,,,
365,0.8577737447065941,0.819047619047619,972,0.2025627878841342,59173,40.65103015637414,linear,5,17,55(s),116(s),141(s),240(s),258(s),365(s),,,,,,,,,
366,0.8924984875983061,0.8485714285714285,135,0.07525486229095041,101289,49.69897593839816,linear,5,17,55(s),116(s),141(s),240(s),258(s),362(s),366,,,,,,,,
367,0.8820931639443435,0.819047619047619,1000,0.2368026165648914,55751,16.55544736965399,linear,5,17,55(s),116(s),141(s),240(s),258(s),362(s),367,,,,,,,,
368,0.8644888082274653,0.8466666666666667,480,0.3575014770697925,31909,73.97255375677642,linear,5,17,55(s),116(s),141(s),240(s),258(s),360(s),368,,,,,,,,
369,0.8367816091954022,0.7952380952380953,1000,0.17867994844078747,71191,64.75364036211393,linear,5,17,55(s),116(s),141(s),240(s),258(s),360(s),369,,,,,,,,
370,0.8157894736842106,0.8219047619047618,915,0.20905853634562538,60355,40.39457238176514,linear,5,17,55(s),116(s),141(s),240(s),258(s),370(s),,,,,,,,,
371,0.8156684815486994,0.8485714285714285,911,0.20286340299140168,58645,40.5417578442576,linear,5,17,55(s),116(s),141(s),240(s),258(s),371(s),,,,,,,,,
372,0.8434966727162735,0.8638095238095238,963,0.20639497755095063,56766,40.841902757359506,linear,5,17,55(s),116(s),141(s),240(s),258(s),372(s),,,,,,,,,
373,0.7882637628554144,0.8057142857142857,308,0.3601691598231867,4338,55.92345321233347,linear,5,17,55(s),116(s),141(s),240(s),258(s),363(s),373,,,,,,,,
374,0.7781004234724744,0.7047619047619047,1000,0.01131847399960978,23031,9.320028668597224,linear,5,17,55(s),116(s),141(s),240(s),258(s),363(s),374,,,,,,,,
375,0.8924984875983061,0.8485714285714285,209,0.19554425702276904,44155,51.31210462814059,linear,5,17,55(s),116(s),141(s),240(s),258(s),364(s),375,,,,,,,,
376,0.8369026013309135,0.8057142857142857,1000,0.32038422437837566,54374,42.11076945197641,linear,5,17,55(s),116(s),141(s),240(s),258(s),364(s),376,,,,,,,,
377,0.895946763460375,0.8485714285714285,630,0.32717125859528545,106604,5.273958454792705,linear,5,17,55(s),116(s),141(s),240(s),258(s),362(s),367,377,,,,,,,
378,0.8228070175438598,0.8190476190476191,628,0.4623990358868104,20112,24.775270453403884,linear,5,17,55(s),116(s),141(s),240(s),258(s),362(s),367,378,,,,,,,
379,0.8856019358741681,0.8485714285714285,501,0.14545031192528665,129430,86.30510859686814,linear,5,17,55(s),116(s),141(s),240(s),258(s),360(s),369,379,,,,,,,
380,0.8993950393224439,0.862857142857143,612,0.16717954999811702,77359,27.791420799540155,linear,5,17,55(s),116(s),141(s),240(s),258(s),360(s),369,380,,,,,,,
381,0.8506352087114337,0.8085714285714285,920,0.19654198205706666,57942,40.58902388782555,linear,5,17,55(s),116(s),141(s),240(s),258(s),381(s),,,,,,,,,
382,0.836660617059891,0.8238095238095239,980,0.2053993631901461,57681,42.75908478491431,linear,5,17,55(s),116(s),141(s),240(s),258(s),382(s),,,,,,,,,
383,0.8058681185722929,0.8476190476190476,968,0.2003664799849605,59814,42.956321149945396,linear,5,17,55(s),116(s),141(s),240(s),258(s),383(s),,,,,,,,,
384,0.8683000604960677,0.8342857142857143,1000,0.29550587983628995,78436,26.93092831280538,linear,5,17,55(s),116(s),141(s),240(s),258(s),363(s),384,,,,,,,,
385,0.8787053841500303,0.8485714285714285,1000,0.1327376971335686,84133,32.513133361880904,linear,5,17,55(s),116(s),141(s),240(s),258(s),363(s),385,,,,,,,,
386,0.8821536600120993,0.8342857142857143,1000,0.3980058510260026,91345,32.28378842660583,linear,5,17,55(s),116(s),141(s),240(s),258(s),371(s),386,,,,,,,,
387,0.8228070175438595,0.8361904761904763,465,0.2148360444064122,27190,67.71715081663424,linear,5,17,55(s),116(s),141(s),240(s),258(s),371(s),387,,,,,,,,
388,0.889050211736237,0.8342857142857143,554,0.35184167073083217,42422,50.380837190472995,linear,5,17,55(s),116(s),141(s),240(s),258(s),370(s),388,,,,,,,,
389,0.8856019358741681,0.8628571428571428,603,0.17279458221979635,84623,72.20078090082708,linear,5,17,55(s),116(s),141(s),240(s),258(s),370(s),389,,,,,,,,
390,0.847610405323654,0.82,946,0.21188575467024048,60020,42.37572838254442,linear,5,17,55(s),116(s),141(s),240(s),258(s),390(s),,,,,,,,,
391,0.8298850574712644,0.78,923,0.20296468452148764,58470,41.245720377049715,linear,5,17,55(s),116(s),141(s),240(s),258(s),391(s),,,,,,,,,
392,0.8124621899576526,0.837142857142857,906,0.21120824139268418,59460,43.00651011773924,linear,5,17,55(s),116(s),141(s),240(s),258(s),392(s),,,,,,,,,
393,0.7704779189352692,0.7247619047619047,1000,0.2519014375650933,30432,51.3143502477882,linear,5,17,55(s),116(s),141(s),240(s),258(s),363(s),393,,,,,,,,
394,0.8506957047791893,0.8476190476190476,1000,0.24008175168518925,67750,2.328543741811437,linear,5,17,55(s),116(s),141(s),240(s),258(s),363(s),394,,,,,,,,
395,0.895946763460375,0.8485714285714285,132,0.2069596844951574,31367,5.088586811645982,linear,5,17,55(s),116(s),141(s),240(s),258(s),371(s),395,,,,,,,,
396,0.8368421052631578,0.8476190476190476,672,0.14050232643185248,38771,7.2508205021051495,linear,5,17,55(s),116(s),141(s),240(s),258(s),371(s),396,,,,,,,,
397,0.82335148215366,0.7761904761904763,352,0.3598985655974288,13185,79.07994424693645,linear,5,17,55(s),116(s),141(s),240(s),258(s),371(s),387,397,,,,,,,
398,0.8856019358741681,0.862857142857143,1,0.3662024174212568,51351,19.8348999635648,linear,5,17,55(s),116(s),141(s),240(s),258(s),371(s),387,398,,,,,,,
399,0.895946763460375,0.8485714285714285,626,0.05903893036662186,89406,22.021529690964336,linear,5,17,55(s),116(s),141(s),240(s),258(s),363(s),384,399,,,,,,,
400,0.6640048396854205,0.5771428571428572,697,0.29611070670386025,947,39.56208058854852,linear,5,17,55(s),116(s),141(s),240(s),258(s),363(s),384,400,,,,,,,
401,0.87513611615245,0.8761904761904763,103,0.6315909004240065,6865,3.8409678559116642,linear,5,17,55(s),116(s),141(s),240(s),258(s),371(s),386,401,,,,,,,
402,0.895946763460375,0.8485714285714285,140,0.29374648210963683,174461,21.62206531675703,linear,5,17,55(s),116(s),141(s),240(s),258(s),371(s),386,402,,,,,,,
403,0.8649122807017544,0.8342857142857143,759,0.3417316518510113,56162,9.315240991061287,linear,5,17,55(s),116(s),141(s),240(s),258(s),382(s),403,,,,,,,,
404,0.8786448880822746,0.8485714285714285,1000,0.1213541018064352,81284,25.76049839716767,linear,5,17,55(s),116(s),141(s),240(s),258(s),382(s),404,,,,,,,,
405,0.8819721718088325,0.8619047619047621,967,0.1919545528005025,60933,38.92149531870564,linear,5,17,55(s),116(s),141(s),240(s),258(s),363(s),405(s),,,,,,,,
406,0.87513611615245,0.819047619047619,958,0.1942555783862379,60743,39.697692512519424,linear,5,17,55(s),116(s),141(s),240(s),258(s),363(s),406(s),,,,,,,,
407,0.868118572292801,0.8895238095238096,934,0.1945631488464122,57775,40.478074789598466,linear,5,17,55(s),116(s),141(s),240(s),258(s),363(s),407(s),,,,,,,,
408,0.895946763460375,0.8485714285714285,1000,0.3200192719867474,115506,10.792078985959733,linear,5,17,55(s),116(s),141(s),240(s),258(s),392(s),408,,,,,,,,
409,0.8993950393224439,0.8485714285714285,1000,0.19325137971896197,97654,59.66608844940624,linear,5,17,55(s),116(s),141(s),240(s),258(s),392(s),409,,,,,,,,
410,0.8440411373260737,0.8333333333333334,952,0.1924339187397397,57428,39.419609967213674,linear,5,17,55(s),116(s),141(s),240(s),258(s),363(s),407(s),410(s),,,,,,,
411,0.8545674531155474,0.8761904761904763,939,0.19631154902925146,56481,38.99728800592783,linear,5,17,55(s),116(s),141(s),240(s),258(s),363(s),407(s),411(s),,,,,,,
412,0.8714458560193588,0.8619047619047621,937,0.19549479146419724,57199,41.05639440580889,linear,5,17,55(s),116(s),141(s),240(s),258(s),363(s),407(s),412(s),,,,,,,
413,0.8856019358741681,0.8771428571428572,633,0.35963618414263676,54787,16.976633528311574,linear,5,17,55(s),116(s),141(s),240(s),258(s),363(s),413,,,,,,,,
414,0.8821536600120992,0.8342857142857143,1000,0.011246291552836934,111924,58.018015319655774,linear,5,17,55(s),116(s),141(s),240(s),258(s),363(s),414,,,,,,,,
415,0.8751966122202056,0.8342857142857143,1000,0.19456037294781847,104835,77.74759612203016,linear,5,17,55(s),116(s),141(s),240(s),258(s),392(s),415,,,,,,,,
416,0.8786448880822746,0.8485714285714285,1000,0.09888642718559952,105581,44.11652836850394,linear,5,17,55(s),116(s),141(s),240(s),258(s),392(s),416,,,,,,,,
417,0.895946763460375,0.8485714285714285,17,0.20270596488904993,18916,35.631943401260834,linear,5,17,55(s),116(s),141(s),240(s),258(s),363(s),406(s),417,,,,,,,
418,0.7434966727162735,0.760952380952381,982,0.23681460466072585,10648,11.539034407862086,linear,5,17,55(s),116(s),141(s),240(s),258(s),363(s),406(s),418,,,,,,,
419,0.8054446460980037,0.7952380952380953,927,0.20073005674404748,59622,40.46872395575811,linear,5,17,55(s),116(s),141(s),240(s),258(s),363(s),407(s),419(s),,,,,,,
420,0.8333938294010889,0.8619047619047621,904,0.18887918530792716,57681,41.08659109347923,linear,5,17,55(s),116(s),141(s),240(s),258(s),363(s),407(s),420(s),,,,,,,
421,0.8508771929824561,0.8047619047619048,946,0.19598860100030518,58205,41.24207423889111,linear,5,17,55(s),116(s),141(s),240(s),258(s),363(s),407(s),421(s),,,,,,,
422,0.7467634603750757,0.8200000000000001,678,0.07892545607094488,3369,33.26419843253993,linear,5,17,55(s),116(s),141(s),240(s),258(s),392(s),416,422,,,,,,,
423,0.8890502117362372,0.8485714285714285,318,0.18097761347057573,103407,20.777982768016678,linear,5,17,55(s),116(s),141(s),240(s),258(s),392(s),416,423,,,,,,,
424,0.8473684210526317,0.8761904761904763,959,0.1948131203116029,59137,39.32487368394415,linear,5,17,55(s),116(s),141(s),240(s),258(s),363(s),407(s),424(s),,,,,,,
425,0.8612220205686631,0.8761904761904763,930,0.1917539684405823,57373,41.15105847089394,linear,5,17,55(s),116(s),141(s),240(s),258(s),363(s),407(s),425(s),,,,,,,
426,0.8406533575317603,0.8333333333333334,922,0.19248104999119947,58372,40.454672779792226,linear,5,17,55(s),116(s),141(s),240(s),258(s),363(s),407(s),426(s),,,,,,,
427,0.82335148215366,0.7476190476190476,976,0.13306792966414083,46820,76.93617119093501,linear,5,17,55(s),116(s),141(s),240(s),258(s),363(s),407(s),420(s),427.0,,,,,,
428,0.895946763460375,0.8485714285714285,1000,0.32523213000922147,114222,63.884725882151216,linear,5,17,55(s),116(s),141(s),240(s),258(s),363(s),407(s),420(s),428.0,,,,,,
429,0.8370840895341803,0.8476190476190476,467,0.07384199324926773,29509,0.06446081501505319,linear,5,17,55(s),116(s),141(s),240(s),258(s),392(s),416,423,429.0,,,,,,
430,0.8856019358741681,0.8485714285714285,267,0.14738372664041466,144419,39.28273932767178,linear,5,17,55(s),116(s),141(s),240(s),258(s),392(s),416,423,430.0,,,,,,
431,0.8924984875983061,0.8342857142857143,186,0.29644781674246595,23617,53.983133234980144,linear,5,17,55(s),116(s),141(s),240(s),258(s),363(s),407(s),419(s),431.0,,,,,,
432,0.895946763460375,0.862857142857143,78,0.11393898952890033,41530,73.00338072800946,linear,5,17,55(s),116(s),141(s),240(s),258(s),363(s),407(s),419(s),432.0,,,,,,
433,0.878584392014519,0.8342857142857143,934,0.19102577034327417,57117,40.57557267473541,linear,5,17,55(s),116(s),141(s),240(s),258(s),363(s),407(s),433(s),,,,,,,
434,0.8786448880822746,0.819047619047619,924,0.20106543932266216,55826,41.703961328561064,linear,5,17,55(s),116(s),141(s),240(s),258(s),363(s),407(s),434(s),,,,,,,
435,0.8474289171203871,0.8619047619047621,915,0.19438556388290787,55993,39.36442749239743,linear,5,17,55(s),116(s),141(s),240(s),258(s),363(s),407(s),435(s),,,,,,,
436,0.895946763460375,0.8485714285714285,38,0.0545610949363117,36901,32.47362150499541,linear,5,17,55(s),116(s),141(s),240(s),258(s),363(s),407(s),425(s),436.0,,,,,,
437,0.8890502117362372,0.8628571428571428,1000,0.2455856560008765,114585,4.4731823066878675,linear,5,17,55(s),116(s),141(s),240(s),258(s),363(s),407(s),425(s),437.0,,,,,,
438,0.7669086509376891,0.7761904761904763,1000,0.08662053143590662,21090,26.86535698996583,linear,5,17,55(s),116(s),141(s),240(s),258(s),363(s),407(s),420(s),438.0,,,,,,
439,0.895946763460375,0.862857142857143,517,0.23999016505142862,77239,31.960080709129024,linear,5,17,55(s),116(s),141(s),240(s),258(s),363(s),407(s),420(s),439.0,,,,,,
440,0.7705989110707804,0.7914285714285715,761,0.09441057465019749,24870,0.015381442786720628,linear,5,17,55(s),116(s),141(s),240(s),258(s),392(s),416,423,429.0,440,,,,,
441,0.8924984875983061,0.8485714285714285,29,0.0906495990424711,34877,0.009272235574541952,linear,5,17,55(s),116(s),141(s),240(s),258(s),392(s),416,423,429.0,441,,,,,
442,0.8228070175438598,0.8057142857142857,72,0.5352584327892497,2864,51.962296803720335,linear,5,17,55(s),116(s),141(s),240(s),258(s),363(s),407(s),419(s),431.0,442,,,,,
443,0.7781609195402298,0.8619047619047618,92,0.5862171768340315,2369,37.08795205515253,linear,5,17,55(s),116(s),141(s),240(s),258(s),363(s),407(s),419(s),431.0,443,,,,,
444,0.857955232909861,0.8761904761904763,297,0.17052487343651154,17324,63.264132388318004,linear,5,17,55(s),116(s),141(s),240(s),258(s),363(s),407(s),419(s),444.0,,,,,,
445,0.895946763460375,0.862857142857143,177,0.2270078001720266,31995,28.240323840361572,linear,5,17,55(s),116(s),141(s),240(s),258(s),363(s),407(s),419(s),445.0,,,,,,
446,0.8127041742286751,0.7761904761904762,925,0.18949751733876546,58814,41.44978665984364,linear,5,17,55(s),116(s),141(s),240(s),258(s),363(s),407(s),446(s),,,,,,,
447,0.8646098003629763,0.8761904761904763,913,0.19059321698020054,57301,40.874699095939015,linear,5,17,55(s),116(s),141(s),240(s),258(s),363(s),407(s),447(s),,,,,,,
448,0.8440411373260737,0.8333333333333334,956,0.19787531408574852,58503,39.379890000973504,linear,5,17,55(s),116(s),141(s),240(s),258(s),363(s),407(s),448(s),,,,,,,
449,0.895946763460375,0.8485714285714285,182,0.027133817246429354,44900,8.544618503824232,linear,5,17,55(s),116(s),141(s),240(s),258(s),363(s),407(s),425(s),449.0,,,,,,
450,0.8649122807017544,0.8619047619047621,1000,0.08956008501900801,50741,49.16802902566764,linear,5,17,55(s),116(s),141(s),240(s),258(s),363(s),407(s),425(s),450.0,,,,,,
451,0.8889897156684816,0.862857142857143,1000,0.10776833161512091,101335,35.12125396334163,linear,5,17,55(s),116(s),141(s),240(s),258(s),363(s),407(s),419(s),451.0,,,,,,
452,0.895946763460375,0.862857142857143,672,0.369412981609448,86965,36.21727346550926,linear,5,17,55(s),116(s),141(s),240(s),258(s),363(s),407(s),419(s),452.0,,,,,,
453,0.8057471264367816,0.8333333333333333,958,0.18959972065858557,56870,39.27556350622747,linear,5,17,55(s),116(s),141(s),240(s),258(s),363(s),407(s),453(s),,,,,,,
454,0.8751966122202057,0.8628571428571428,921,0.2003662123053435,57677,41.172144333938355,linear,5,17,55(s),116(s),141(s),240(s),258(s),363(s),407(s),454(s),,,,,,,
455,0.8127041742286751,0.818095238095238,921,0.1951942215553512,57065,41.652818316994185,linear,5,17,55(s),116(s),141(s),240(s),258(s),363(s),407(s),455(s),,,,,,,
456,0.8058076225045372,0.8466666666666667,952,0.19681887281701446,59468,41.20668221172209,linear,5,17,55(s),116(s),141(s),240(s),258(s),363(s),407(s),456(s),,,,,,,
457,0.8437991530550514,0.8895238095238096,944,0.19850776442430726,58604,39.23068973443116,linear,5,17,55(s),116(s),141(s),240(s),258(s),363(s),407(s),457(s),,,,,,,
458,0.8508771929824561,0.8333333333333333,956,0.19818394680542062,56012,41.234783982254186,linear,5,17,55(s),116(s),141(s),240(s),258(s),363(s),407(s),458(s),,,,,,,
459,0.8648517846339988,0.82,1000,0.07162256380126719,86164,7.814012881058041,linear,5,17,55(s),116(s),141(s),240(s),258(s),363(s),407(s),454(s),459.0,,,,,,
460,0.8266182698124622,0.7647619047619048,1000,0.27812656559466953,12910,25.569136414841775,linear,5,17,55(s),116(s),141(s),240(s),258(s),363(s),407(s),454(s),460.0,,,,,,
461,0.5770114942528737,0.5714285714285714,1000,0.22003946568192817,908,69.5132999525604,linear,5,17,55(s),116(s),141(s),240(s),258(s),363(s),407(s),453(s),461.0,,,,,,
462,0.5835450695704779,0.5695238095238094,1000,0.31021845913135687,1706,30.566929467193944,linear,5,17,55(s),116(s),141(s),240(s),258(s),363(s),407(s),453(s),462.0,,,,,,
463,0.8160919540229885,0.819047619047619,936,0.1916614210765429,57623,41.45132251416469,linear,5,17,55(s),116(s),141(s),240(s),258(s),363(s),407(s),463(s),,,,,,,
464,0.84010889292196,0.8361904761904763,935,0.1945092939821505,59273,39.638070664759276,linear,5,17,55(s),116(s),141(s),240(s),258(s),363(s),407(s),464(s),,,,,,,
465,0.8369026013309135,0.8752380952380954,928,0.18989821423007783,57007,41.29890614920946,linear,5,17,55(s),116(s),141(s),240(s),258(s),363(s),407(s),465(s),,,,,,,
466,0.6113127646702965,0.5971428571428572,1000,0.12809644021954505,5660,43.456166647607006,linear,5,17,55(s),116(s),141(s),240(s),258(s),363(s),407(s),454(s),466.0,,,,,,
467,0.8580157289776164,0.8057142857142857,1000,0.36401026855493623,91916,58.858836346704706,linear,5,17,55(s),116(s),141(s),240(s),258(s),363(s),407(s),454(s),467.0,,,,,,
468,0.8580157289776164,0.8619047619047621,1000,0.03695119765523311,66587,59.84050059068054,linear,5,17,55(s),116(s),141(s),240(s),258(s),363(s),407(s),453(s),468.0,,,,,,
469,0.8471869328493649,0.8752380952380954,470,0.07127474722773036,14829,49.87836727733568,linear,5,17,55(s),116(s),141(s),240(s),258(s),363(s),407(s),453(s),469.0,,,,,,
470,0.8856019358741681,0.8619047619047621,983,0.26495045278579765,103601,71.52141410278477,linear,5,17,55(s),116(s),141(s),240(s),258(s),363(s),407(s),458(s),470.0,,,,,,
471,0.895946763460375,0.8485714285714285,180,0.2675302409086537,40592,12.518668255061648,linear,5,17,55(s),116(s),141(s),240(s),258(s),363(s),407(s),458(s),471.0,,,,,,
472,0.895946763460375,0.8485714285714285,78,2.3952417410405547e-05,101336,10.670651363344565,linear,5,17,55(s),116(s),141(s),240(s),258(s),363(s),407(s),454(s),459.0,472,,,,,
473,0.895946763460375,0.8485714285714285,70,0.09985959844369902,133347,5.070869836923846,linear,5,17,55(s),116(s),141(s),240(s),258(s),363(s),407(s),454(s),459.0,473,,,,,
474,0.6459770114942529,0.7095238095238094,491,0.15080668895428018,3102,60.176334233075096,linear,5,17,55(s),116(s),141(s),240(s),258(s),363(s),407(s),453(s),462.0,474,,,,,
475,0.6119177253478524,0.5828571428571429,440,0.270729845402593,278,18.151291040095106,linear,5,17,55(s),116(s),141(s),240(s),258(s),363(s),407(s),453(s),462.0,475,,,,,
476,0.8647307924984876,0.8485714285714285,941,0.19588974889531843,58714,39.754016661249295,linear,5,17,55(s),116(s),141(s),240(s),258(s),363(s),407(s),476(s),,,,,,,
477,0.847005444646098,0.7952380952380953,914,0.19738910750645444,57793,39.63481139721332,linear,5,17,55(s),116(s),141(s),240(s),258(s),363(s),407(s),477(s),,,,,,,
478,0.8647307924984876,0.8619047619047621,941,0.19628154640037132,57135,39.490285581215886,linear,5,17,55(s),116(s),141(s),240(s),258(s),363(s),407(s),478(s),,,,,,,
479,0.8924984875983061,0.8485714285714285,34,0.3781108304306552,49413,59.75569065291768,linear,5,17,55(s),116(s),141(s),240(s),258(s),363(s),407(s),454(s),479.0,,,,,,
480,0.8787053841500303,0.8342857142857143,1000,0.1015536013534653,82689,0.6658427343859756,linear,5,17,55(s),116(s),141(s),240(s),258(s),363(s),407(s),454(s),480.0,,,,,,
481,0.8473684210526317,0.8752380952380954,508,0.05040783812568405,28674,93.16597515897587,linear,5,17,55(s),116(s),141(s),240(s),258(s),363(s),407(s),453(s),468.0,481,,,,,
482,0.8820931639443437,0.8200000000000001,304,0.05607561250051227,29714,40.882752518723606,linear,5,17,55(s),116(s),141(s),240(s),258(s),363(s),407(s),453(s),468.0,482,,,,,
483,0.8609800362976406,0.819047619047619,950,0.19667766656521485,57011,39.4231179477887,linear,5,17,55(s),116(s),141(s),240(s),258(s),363(s),407(s),483(s),,,,,,,
484,0.8402903811252267,0.819047619047619,920,0.19151712033018414,59236,39.36533363673859,linear,5,17,55(s),116(s),141(s),240(s),258(s),363(s),407(s),484(s),,,,,,,
485,0.8155474894131881,0.7819047619047619,959,0.1964404313006888,56183,39.331648413964835,linear,5,17,55(s),116(s),141(s),240(s),258(s),363(s),407(s),485(s),,,,,,,
486,0.8855414398064125,0.8619047619047621,945,0.199294401156074,57876,40.48405838101617,linear,5,17,55(s),116(s),141(s),240(s),258(s),363(s),407(s),486(s),,,,,,,
487,0.830369026013309,0.8476190476190476,936,0.18958548111904228,57751,41.1674090555343,linear,5,17,55(s),116(s),141(s),240(s),258(s),363(s),407(s),487(s),,,,,,,
488,0.8716878402903812,0.8761904761904763,958,0.19041609410477722,58120,39.40924537734653,linear,5,17,55(s),116(s),141(s),240(s),258(s),363(s),407(s),488(s),,,,,,,
489,0.8295825771324864,0.8342857142857142,1000,0.08069798928972347,33555,41.162104784193616,linear,5,17,55(s),116(s),141(s),240(s),258(s),363(s),407(s),484(s),489.0,,,,,,
490,0.8405928614640048,0.8476190476190476,1000,0.32300183996645915,45045,43.366857407999866,linear,5,17,55(s),116(s),141(s),240(s),258(s),363(s),407(s),484(s),490.0,,,,,,
491,0.8546279491833031,0.862857142857143,1000,0.33119324921919746,87602,14.167167137698492,linear,5,17,55(s),116(s),141(s),240(s),258(s),363(s),407(s),485(s),491.0,,,,,,
492,0.8614640048396854,0.8333333333333334,1000,0.13933054490958735,76789,37.35292373510611,linear,5,17,55(s),116(s),141(s),240(s),258(s),363(s),407(s),485(s),492.0,,,,,,
493,0.8057471264367816,0.7647619047619048,943,0.19354559674255323,58992,40.31377144820654,linear,5,17,55(s),116(s),141(s),240(s),258(s),363(s),407(s),493(s),,,,,,,
494,0.8649122807017544,0.8619047619047621,927,0.1976679181372428,56666,40.47351794815699,linear,5,17,55(s),116(s),141(s),240(s),258(s),363(s),407(s),494(s),,,,,,,
495,0.7922565033272837,0.7904761904761906,939,0.1931494941896236,59208,41.38897438024904,linear,5,17,55(s),116(s),141(s),240(s),258(s),363(s),407(s),495(s),,,,,,,
496,0.8015728977616454,0.7657142857142857,1000,0.17558413384252114,21056,62.64543412373271,linear,5,17,55(s),116(s),141(s),240(s),258(s),363(s),407(s),488(s),496.0,,,,,,
497,0.8163944343617665,0.7904761904761906,1000,0.10178639321291466,38208,39.48569028196658,linear,5,17,55(s),116(s),141(s),240(s),258(s),363(s),407(s),488(s),497.0,,,,,,
498,0.8192982456140351,0.8476190476190476,1000,0.30806948513480287,10017,59.66630487775379,linear,5,17,55(s),116(s),141(s),240(s),258(s),363(s),407(s),486(s),498.0,,,,,,
499,0.8820931639443437,0.8485714285714285,1000,0.22753504811305975,77644,43.9096389568546,linear,5,17,55(s),116(s),141(s),240(s),258(s),363(s),407(s),486(s),499.0,,,,,,
500,0.8683605565638233,0.8342857142857142,869,0.0007628192288622604,105453,78.93622964152203,linear,5,17,55(s),116(s),141(s),240(s),258(s),363(s),407(s),487(s),500.0,,,,,,
501,0.8993950393224439,0.8485714285714285,505,0.20633448892005563,65196,71.29515630766107,linear,5,17,55(s),116(s),141(s),240(s),258(s),363(s),407(s),487(s),501.0,,,,,,
502,0.8612220205686631,0.8619047619047621,816,0.09655645626848869,52154,42.16900645577757,linear,5,17,55(s),116(s),141(s),240(s),258(s),363(s),407(s),484(s),489.0,502,,,,,
503,0.895946763460375,0.8485714285714285,3,0.12341097687441865,18018,22.632919653043775,linear,5,17,55(s),116(s),141(s),240(s),258(s),363(s),407(s),484(s),489.0,503,,,,,
504,0.8645493042952209,0.819047619047619,920,0.1968223575393424,57057,40.171364926295134,linear,5,17,55(s),116(s),141(s),240(s),258(s),363(s),407(s),504(s),,,,,,,
505,0.8510586811857228,0.8342857142857142,931,0.1957723400141576,57589,40.55709940548954,linear,5,17,55(s),116(s),141(s),240(s),258(s),363(s),407(s),505(s),,,,,,,
506,0.8611615245009074,0.8619047619047621,926,0.19217033113174456,57921,39.64339124393154,linear,5,17,55(s),116(s),141(s),240(s),258(s),363(s),407(s),506(s),,,,,,,
507,0.8580157289776164,0.8628571428571428,1000,0.08463324587012529,93810,26.7153643972595,linear,5,17,55(s),116(s),141(s),240(s),258(s),363(s),407(s),488(s),507.0,,,,,,
508,0.895946763460375,0.8485714285714285,115,0.29691371765599983,87135,47.59777031320617,linear,5,17,55(s),116(s),141(s),240(s),258(s),363(s),407(s),488(s),508.0,,,,,,
509,0.8716273442226254,0.8619047619047621,670,0.30910574266425606,38225,35.62923302705787,linear,5,17,55(s),116(s),141(s),240(s),258(s),363(s),407(s),486(s),509.0,,,,,,
510,0.8194797338173018,0.7914285714285715,1000,0.21773529244250134,21254,51.658884361423596,linear,5,17,55(s),116(s),141(s),240(s),258(s),363(s),407(s),486(s),510.0,,,,,,
511,0.8890502117362372,0.8342857142857143,446,0.15133282261659436,47186,86.59285480328403,linear,5,17,55(s),116(s),141(s),240(s),258(s),363(s),407(s),486(s),499.0,511,,,,,
512,0.895946763460375,0.8485714285714285,477,0.09589531808227877,110256,84.1004378756123,linear,5,17,55(s),116(s),141(s),240(s),258(s),363(s),407(s),486(s),499.0,512,,,,,
513,0.895946763460375,0.8485714285714285,18,0.25528290383869895,82912,15.286886799798502,linear,5,17,55(s),116(s),141(s),240(s),258(s),363(s),407(s),487(s),501.0,513,,,,,
514,0.8647307924984876,0.819047619047619,728,0.12863908783070194,33601,87.98045362695865,linear,5,17,55(s),116(s),141(s),240(s),258(s),363(s),407(s),487(s),501.0,514,,,,,
515,0.8856019358741681,0.8485714285714285,1,0.18794882422107717,13340,8.730404498613378,linear,5,17,55(s),116(s),141(s),240(s),258(s),363(s),407(s),484(s),489.0,503,515.0,,,,
516,0.889050211736237,0.8485714285714285,1,0.0507813024689253,1403,4.53116176280469,linear,5,17,55(s),116(s),141(s),240(s),258(s),363(s),407(s),484(s),489.0,503,516.0,,,,
517,0.8057471264367816,0.8342857142857143,911,0.1472786130706248,21894,24.19407207304177,linear,5,17,55(s),116(s),141(s),240(s),258(s),363(s),407(s),484(s),489.0,517,,,,,
518,0.8093768905021174,0.8333333333333334,492,0.1210559940599479,13123,33.15957440180854,linear,5,17,55(s),116(s),141(s),240(s),258(s),363(s),407(s),484(s),489.0,518,,,,,
519,0.7849364791288566,0.7342857142857142,1000,0.2870288990021771,10457,30.457474257470132,linear,5,17,55(s),116(s),141(s),240(s),258(s),363(s),407(s),495(s),519.0,,,,,,
520,0.8716878402903812,0.8895238095238096,1000,0.32908325513394077,64163,55.166370344495576,linear,5,17,55(s),116(s),141(s),240(s),258(s),363(s),407(s),495(s),520.0,,,,,,
521,0.895946763460375,0.8485714285714285,63,0.18519897204093394,38224,100.68193617595199,linear,5,17,55(s),116(s),141(s),240(s),258(s),363(s),407(s),488(s),496.0,521,,,,,
522,0.8511191772534785,0.8619047619047618,441,0.22968418203258703,19652,14.04747050121712,linear,5,17,55(s),116(s),141(s),240(s),258(s),363(s),407(s),488(s),496.0,522,,,,,
523,0.8578947368421053,0.8342857142857142,978,0.32098446185367663,63014,55.39442772002805,linear,5,17,55(s),116(s),141(s),240(s),258(s),363(s),407(s),495(s),520.0,523(s),,,,,
524,0.8330913490623109,0.8219047619047618,996,0.3248009383344489,63144,54.04871596406109,linear,5,17,55(s),116(s),141(s),240(s),258(s),363(s),407(s),495(s),520.0,524(s),,,,,
525,0.8234119782214157,0.819047619047619,986,0.336256181207427,65058,55.073715044309424,linear,5,17,55(s),116(s),141(s),240(s),258(s),363(s),407(s),495(s),520.0,525(s),,,,,
526,0.833696309739867,0.761904761904762,977,0.3341468129468544,63803,56.33232702883883,linear,5,17,55(s),116(s),141(s),240(s),258(s),363(s),407(s),495(s),520.0,526(s),,,,,
527,0.8718088324258921,0.8485714285714285,997,0.3281432150274968,65531,55.01268962626563,linear,5,17,55(s),116(s),141(s),240(s),258(s),363(s),407(s),495(s),520.0,527(s),,,,,
528,0.864670296430732,0.8485714285714285,978,0.33616471428818917,65075,55.15383727133064,linear,5,17,55(s),116(s),141(s),240(s),258(s),363(s),407(s),495(s),520.0,528(s),,,,,
529,0.8474289171203871,0.8476190476190476,982,0.3260075992607239,65564,55.76363728655372,linear,5,17,55(s),116(s),141(s),240(s),258(s),363(s),407(s),495(s),520.0,529(s),,,,,
530,0.8194797338173018,0.8476190476190476,976,0.3315934499587114,64697,56.15504434344818,linear,5,17,55(s),116(s),141(s),240(s),258(s),363(s),407(s),495(s),520.0,530(s),,,,,
531,0.819298245614035,0.8495238095238096,983,0.32234738166796506,64566,56.08378639657829,linear,5,17,55(s),116(s),141(s),240(s),258(s),363(s),407(s),495(s),520.0,531(s),,,,,
532,0.8509376890502118,0.8476190476190476,984,0.333587763779997,63374,55.663969611491865,linear,5,17,55(s),116(s),141(s),240(s),258(s),363(s),407(s),495(s),520.0,532(s),,,,,
533,0.8437386569872958,0.8495238095238096,992,0.328882873907827,63224,55.04150535553509,linear,5,17,55(s),116(s),141(s),240(s),258(s),363(s),407(s),495(s),520.0,533(s),,,,,
534,0.8612825166364185,0.8619047619047621,994,0.3361751555236091,64779,56.035744028079094,linear,5,17,55(s),116(s),141(s),240(s),258(s),363(s),407(s),495(s),520.0,534(s),,,,,
535,0.8647307924984876,0.8619047619047621,992,0.3345466953703927,64838,54.830230523736454,linear,5,17,55(s),116(s),141(s),240(s),258(s),363(s),407(s),495(s),520.0,535(s),,,,,
536,0.8089534180278282,0.8076190476190476,993,0.32461683753584075,64399,55.43930318451459,linear,5,17,55(s),116(s),141(s),240(s),258(s),363(s),407(s),495(s),520.0,536(s),,,,,
537,0.8266787658802178,0.8476190476190476,984,0.326231121984455,63910,54.69897083596818,linear,5,17,55(s),116(s),141(s),240(s),258(s),363(s),407(s),495(s),520.0,537(s),,,,,
538,0.8373260738052026,0.819047619047619,991,0.323104388550072,64352,55.143184728561685,linear,5,17,55(s),116(s),141(s),240(s),258(s),363(s),407(s),495(s),520.0,538(s),,,,,
539,0.8613430127041741,0.8619047619047618,997,0.325488867874722,62741,54.25741274289811,linear,5,17,55(s),116(s),141(s),240(s),258(s),363(s),407(s),495(s),520.0,539(s),,,,,
540,0.8402903811252269,0.8619047619047621,994,0.32956441584802465,64442,55.138912147910474,linear,5,17,55(s),116(s),141(s),240(s),258(s),363(s),407(s),495(s),520.0,540(s),,,,,
541,0.819903206291591,0.7904761904761906,669,0.5678393791374764,29830,1.1773780584671698,linear,5,17,55(s),116(s),141(s),240(s),258(s),363(s),407(s),495(s),520.0,537(s),541.0,,,,
542,0.5104053236539625,0.4704761904761905,1000,0.4396570225399192,3240,92.81573280287601,linear,5,17,55(s),116(s),141(s),240(s),258(s),363(s),407(s),495(s),520.0,537(s),542.0,,,,
543,0.8890502117362372,0.8771428571428572,1000,0.20249553079154273,98428,105.41499176107136,linear,5,17,55(s),116(s),141(s),240(s),258(s),363(s),407(s),495(s),520.0,536(s),543.0,,,,
544,0.8993950393224441,0.8485714285714285,660,0.12612377757845683,47810,110.66910548657184,linear,5,17,55(s),116(s),141(s),240(s),258(s),363(s),407(s),495(s),520.0,536(s),544.0,,,,
545,0.8578342407743497,0.8047619047619048,978,0.33528394814505336,63304,54.35073013628165,linear,5,17,55(s),116(s),141(s),240(s),258(s),363(s),407(s),495(s),520.0,545(s),,,,,
546,0.8508771929824561,0.8476190476190476,998,0.3278256590738721,65463,54.75298487306099,linear,5,17,55(s),116(s),141(s),240(s),258(s),363(s),407(s),495(s),520.0,546(s),,,,,
547,0.8405928614640048,0.8476190476190476,992,0.33559264140231704,65085,54.82989563981584,linear,5,17,55(s),116(s),141(s),240(s),258(s),363(s),407(s),495(s),520.0,547(s),,,,,
548,0.8267392619479734,0.7219047619047618,707,0.11364257655290141,22560,75.82936880357919,linear,5,17,55(s),116(s),141(s),240(s),258(s),363(s),407(s),495(s),520.0,536(s),544.0,548.0,,,
549,0.8924984875983061,0.8628571428571428,333,0.02967034145728438,93609,98.66857336176105,linear,5,17,55(s),116(s),141(s),240(s),258(s),363(s),407(s),495(s),520.0,536(s),544.0,549.0,,,
550,0.8649727767695101,0.8619047619047621,185,0.31860823582536524,13179,0.832295661264641,linear,5,17,55(s),116(s),141(s),240(s),258(s),363(s),407(s),495(s),520.0,537(s),541.0,550.0,,,
551,0.8200241984271022,0.819047619047619,789,0.12095073158613834,33743,0.5013776228482721,linear,5,17,55(s),116(s),141(s),240(s),258(s),363(s),407(s),495(s),520.0,537(s),541.0,551.0,,,
552,0.8543254688445252,0.8476190476190476,987,0.3361047042317294,64117,56.010444190378436,linear,5,17,55(s),116(s),141(s),240(s),258(s),363(s),407(s),495(s),520.0,552(s),,,,,
553,0.8648517846339988,0.8619047619047618,983,0.33480581930439357,63136,54.95782417736798,linear,5,17,55(s),116(s),141(s),240(s),258(s),363(s),407(s),495(s),520.0,553(s),,,,,
554,0.8508166969147005,0.8619047619047621,984,0.3229242867020069,63102,55.325716453856685,linear,5,17,55(s),116(s),141(s),240(s),258(s),363(s),407(s),495(s),520.0,554(s),,,,,
555,0.8157894736842104,0.8209523809523809,593,0.038228337438035775,30786,187.87582668292504,linear,5,17,55(s),116(s),141(s),240(s),258(s),363(s),407(s),495(s),520.0,536(s),544.0,549.0,555.0,,
556,0.8401693889897157,0.8228571428571427,298,0.03150130799873352,18918,90.55668157050275,linear,5,17,55(s),116(s),141(s),240(s),258(s),363(s),407(s),495(s),520.0,536(s),544.0,549.0,556.0,,
557,0.784271022383545,0.7657142857142857,240,0.07725137490770936,5992,0.378448028104781,linear,5,17,55(s),116(s),141(s),240(s),258(s),363(s),407(s),495(s),520.0,537(s),541.0,550.0,557.0,,
558,0.8509376890502118,0.8904761904761905,284,0.6017296418781533,11557,0.5214041627545156,linear,5,17,55(s),116(s),141(s),240(s),258(s),363(s),407(s),495(s),520.0,537(s),541.0,550.0,558.0,,
559,0.8924984875983061,0.8485714285714285,345,0.1569481365122159,48908,13.003204805670414,linear,5,17,55(s),116(s),141(s),240(s),258(s),363(s),407(s),495(s),520.0,547(s),559.0,,,,
560,0.8056261343012704,0.7495238095238095,1000,0.48432501703628184,30736,10.797677422757282,linear,5,17,55(s),116(s),141(s),240(s),258(s),363(s),407(s),495(s),520.0,547(s),560.0,,,,
561,0.8890502117362372,0.8485714285714285,356,0.13652869577257143,27532,0.645921877676819,linear,5,17,55(s),116(s),141(s),240(s),258(s),363(s),407(s),495(s),520.0,537(s),541.0,551.0,561.0,,
562,0.8088324258923171,0.82,312,0.22539305774505705,4192,0.9934160635779345,linear,5,17,55(s),116(s),141(s),240(s),258(s),363(s),407(s),495(s),520.0,537(s),541.0,551.0,562.0,,
563,0.8508771929824561,0.82,1000,0.14844849436977292,38421,5.462672039595134,linear,5,17,55(s),116(s),141(s),240(s),258(s),363(s),407(s),495(s),520.0,536(s),544.0,548.0,563.0,,
564,0.7632788868723532,0.7914285714285715,960,0.175407258534456,23788,122.61766940524726,linear,5,17,55(s),116(s),141(s),240(s),258(s),363(s),407(s),495(s),520.0,536(s),544.0,548.0,564.0,,
565,0.8093768905021174,0.7895238095238095,279,0.5936878085769399,11694,0.5150158584053284,linear,5,17,55(s),116(s),141(s),240(s),258(s),363(s),407(s),495(s),520.0,537(s),541.0,550.0,558.0,565(s),
566,0.8335753176043557,0.8476190476190476,283,0.5951513242414913,11313,0.5282346450194141,linear,5,17,55(s),116(s),141(s),240(s),258(s),363(s),407(s),495(s),520.0,537(s),541.0,550.0,558.0,566(s),
567,0.8474894131881427,0.7904761904761906,280,0.6005749297026325,11758,0.53160289150971,linear,5,17,55(s),116(s),141(s),240(s),258(s),363(s),407(s),495(s),520.0,537(s),541.0,550.0,558.0,567(s),
568,0.895946763460375,0.8485714285714285,226,0.34663182385680075,99272,70.77562125969371,linear,5,17,55(s),116(s),141(s),240(s),258(s),363(s),407(s),495(s),520.0,553(s),568.0,,,,
569,0.8890502117362372,0.8485714285714285,1000,0.6105451829451687,111476,14.149882707012011,linear,5,17,55(s),116(s),141(s),240(s),258(s),363(s),407(s),495(s),520.0,553(s),569.0,,,,
570,0.7885057471264367,0.862857142857143,602,0.042821890795583975,8281,3.583865290712467,linear,5,17,55(s),116(s),141(s),240(s),258(s),363(s),407(s),495(s),520.0,547(s),559.0,570.0,,,
571,0.8890502117362372,0.8761904761904763,616,0.30480563742976696,38450,20.717704343609086,linear,5,17,55(s),116(s),141(s),240(s),258(s),363(s),407(s),495(s),520.0,547(s),559.0,571.0,,,
572,0.7460375075620085,0.7238095238095237,742,0.49685553221560286,24680,64.53253655877765,linear,5,17,55(s),116(s),141(s),240(s),258(s),363(s),407(s),495(s),520.0,552(s),572.0,,,,
573,0.8890502117362372,0.8485714285714285,196,0.41711216143687685,83609,25.586404819703052,linear,5,17,55(s),116(s),141(s),240(s),258(s),363(s),407(s),495(s),520.0,552(s),573.0,,,,
574,0.8716273442226254,0.8761904761904763,289,0.5911621386472772,11762,0.5290440209089484,linear,5,17,55(s),116(s),141(s),240(s),258(s),363(s),407(s),495(s),520.0,537(s),541.0,550.0,558.0,574(s),
575,0.8055051421657591,0.8361904761904763,287,0.6080996101629534,11723,0.5297407730462694,linear,5,17,55(s),116(s),141(s),240(s),258(s),363(s),407(s),495(s),520.0,537(s),541.0,550.0,558.0,575(s),
576,0.868118572292801,0.8761904761904763,286,0.6028986397074856,11735,0.5159550592885793,linear,5,17,55(s),116(s),141(s),240(s),258(s),363(s),407(s),495(s),520.0,537(s),541.0,550.0,558.0,576(s),
577,0.895946763460375,0.8485714285714285,140,0.29543366564776385,29401,1.1605148018785911,linear,5,17,55(s),116(s),141(s),240(s),258(s),363(s),407(s),495(s),520.0,553(s),577.0,,,,
578,0.8752571082879612,0.8342857142857142,1000,0.49440193792488896,87198,104.55022835923276,linear,5,17,55(s),116(s),141(s),240(s),258(s),363(s),407(s),495(s),520.0,553(s),578.0,,,,
579,0.889050211736237,0.8485714285714285,374,0.20275435057355817,89596,11.812890998813437,linear,5,17,55(s),116(s),141(s),240(s),258(s),363(s),407(s),495(s),520.0,547(s),559.0,579.0,,,
580,0.895946763460375,0.862857142857143,222,0.21580181790007796,51258,21.13702703295044,linear,5,17,55(s),116(s),141(s),240(s),258(s),363(s),407(s),495(s),520.0,547(s),559.0,580.0,,,
581,0.8924984875983061,0.8485714285714285,225,0.39007189980014767,155651,62.29114901416672,linear,5,17,55(s),116(s),141(s),240(s),258(s),363(s),407(s),495(s),520.0,553(s),568.0,581.0,,,
582,0.895946763460375,0.862857142857143,62,0.2767248069474309,39520,91.15296724276708,linear,5,17,55(s),116(s),141(s),240(s),258(s),363(s),407(s),495(s),520.0,553(s),568.0,582.0,,,
583,0.8890502117362372,0.8619047619047621,212,0.7901876028463102,101342,20.413298365058214,linear,5,17,55(s),116(s),141(s),240(s),258(s),363(s),407(s),495(s),520.0,553(s),569.0,583.0,,,
584,0.8924984875983061,0.8619047619047621,271,0.8,47990,7.213551941830822,linear,5,17,55(s),116(s),141(s),240(s),258(s),363(s),407(s),495(s),520.0,553(s),569.0,584.0,,,
585,0.8856019358741681,0.8485714285714285,1000,0.4596547688471537,98793,23.903457081529268,linear,5,17,55(s),116(s),141(s),240(s),258(s),363(s),407(s),495(s),520.0,552(s),585.0,,,,
586,0.5773139745916515,0.5952380952380952,1000,0.40623714711656,5458,43.091070253810436,linear,5,17,55(s),116(s),141(s),240(s),258(s),363(s),407(s),495(s),520.0,552(s),586.0,,,,
587,0.8578342407743496,0.8047619047619048,433,0.8,20211,0.8184648192739596,linear,5,17,55(s),116(s),141(s),240(s),258(s),363(s),407(s),495(s),520.0,537(s),541.0,550.0,558.0,566(s),587
588,0.8267392619479734,0.8476190476190476,322,0.4925292111945926,15181,0.9855137615594181,linear,5,17,55(s),116(s),141(s),240(s),258(s),363(s),407(s),495(s),520.0,537(s),541.0,550.0,558.0,566(s),588
589,0.7819116757410768,0.7333333333333332,292,0.5809174082585059,11531,0.5365229576859644,linear,5,17,55(s),116(s),141(s),240(s),258(s),363(s),407(s),495(s),520.0,537(s),541.0,550.0,558.0,574(s),589(s)
590,0.8612825166364185,0.8333333333333334,286,0.586282347237319,11853,0.5395805416785062,linear,5,17,55(s),116(s),141(s),240(s),258(s),363(s),407(s),495(s),520.0,537(s),541.0,550.0,558.0,574(s),590(s)
591,0.8647912885662432,0.8190476190476191,292,0.5934560668404668,11790,0.5189018832370301,linear,5,17,55(s),116(s),141(s),240(s),258(s),363(s),407(s),495(s),520.0,537(s),541.0,550.0,558.0,574(s),591(s)
592,0.895946763460375,0.8485714285714285,5,0.12366628391483231,5022,154.56261035330084,linear,5,17,55(s),116(s),141(s),240(s),258(s),363(s),407(s),495(s),520.0,553(s),568.0,582.0,592.0,,
593,0.8856019358741681,0.8485714285714285,7,0.4343351555348175,1513,148.80501634196162,linear,5,17,55(s),116(s),141(s),240(s),258(s),363(s),407(s),495(s),520.0,553(s),568.0,582.0,593.0,,
594,0.8266787658802178,0.818095238095238,285,0.5867601653198105,11744,0.534755660849874,linear,5,17,55(s),116(s),141(s),240(s),258(s),363(s),407(s),495(s),520.0,537(s),541.0,550.0,558.0,574(s),594(s)
595,0.8441016333938294,0.7904761904761906,290,0.5977091353340728,11661,0.5201384765683558,linear,5,17,55(s),116(s),141(s),240(s),258(s),363(s),407(s),495(s),520.0,537(s),541.0,550.0,558.0,574(s),595(s)
596,0.8715668481548698,0.8761904761904763,292,0.6011089541787686,11752,0.5269484939977136,linear,5,17,55(s),116(s),141(s),240(s),258(s),363(s),407(s),495(s),520.0,537(s),541.0,550.0,558.0,574(s),596(s)
597,0.8090139140955838,0.8333333333333334,294,0.5906705123883267,11667,0.5283747678299038,linear,5,17,55(s),116(s),141(s),240(s),258(s),363(s),407(s),495(s),520.0,537(s),541.0,550.0,558.0,574(s),597(s)
598,0.8509981851179674,0.8047619047619048,293,0.5898617255837739,11647,0.535509214189975,linear,5,17,55(s),116(s),141(s),240(s),258(s),363(s),407(s),495(s),520.0,537(s),541.0,550.0,558.0,574(s),598(s)
599,0.7748941318814276,0.7333333333333334,288,0.589865441663976,11876,0.5296844827364899,linear,5,17,55(s),116(s),141(s),240(s),258(s),363(s),407(s),495(s),520.0,537(s),541.0,550.0,558.0,574(s),599(s)
